Tarih,Sicaklik,Basinc,Akim
2026-04-22 15:45:13,20.92,4.33,9
2026-04-22 15:45:14,104.00,4.92,14
2026-04-22 15:45:15,21.13,1.29,39
2026-04-22 15:45:16,29.46,2.41,6
2026-04-22 15:45:17,25.28,3.02,19
2026-04-22 15:45:18,27.27,9.32,41
2026-04-22 15:45:19,26.92,1.29,46
2026-04-22 15:45:20,25.66,7.83,46
2026-04-22 15:45:21,25.77,2.38,26
2026-04-22 15:45:22,29.74,8.21,3
2026-04-22 15:45:23,22.34,8.90,9
2026-04-22 15:45:24,24.51,9.40,18
2026-04-22 15:45:25,27.92,6.70,7
2026-04-22 15:45:26,27.25,5.23,23
2026-04-22 15:45:27,23.16,9.82,1
2026-04-22 15:45:28,29.33,6.01,41
2026-04-22 15:45:29,21.97,4.38,32
2026-04-22 15:45:30,25.97,3.42,39
2026-04-22 15:45:31,94.00,6.10,11
2026-04-22 15:45:32,29.81,1.14,20
2026-04-22 15:45:33,106.00,6.02,12
2026-04-22 15:45:34,22.07,7.43,1
2026-04-22 15:45:35,21.78,9.28,29
2026-04-22 15:45:36,26.27,7.64,43
2026-04-22 15:45:37,25.78,7.53,9
2026-04-22 15:45:38,22.21,8.83,9
2026-04-22 15:45:39,29.18,8.62,37
2026-04-22 15:45:40,29.73,6.36,12
2026-04-22 15:45:41,21.07,5.59,11
2026-04-22 15:49:34,23.43,8.40,2
2026-04-22 15:49:35,20.26,5.49,25
2026-04-22 15:49:36,29.50,3.31,32
2026-04-22 15:49:37,21.97,9.54,18
2026-04-22 15:49:38,27.99,8.74,42
2026-04-22 15:49:39,25.16,5.13,16
2026-04-22 15:49:40,28.56,9.14,3
2026-04-22 15:49:41,23.02,5.82,46
2026-04-22 15:49:42,22.19,9.30,13
2026-04-22 15:49:43,23.68,2.96,3
2026-04-22 15:49:44,26.03,6.67,43
2026-04-22 15:49:45,27.82,5.34,35
2026-04-22 15:49:46,22.14,6.69,46
2026-04-22 15:49:47,20.78,3.95,6
2026-04-22 15:49:48,28.11,2.02,24
2026-04-22 15:49:49,24.71,7.27,11
2026-04-22 15:49:50,27.91,3.32,1
2026-04-22 15:49:51,110.00,5.94,15
2026-04-22 15:49:52,20.44,2.08,45
2026-04-22 15:49:53,26.96,2.07,1
2026-04-22 15:49:54,27.78,5.64,43
2026-04-22 15:49:55,29.96,8.63,49
2026-04-22 15:49:56,20.54,8.09,49
2026-04-22 15:49:57,20.59,6.63,8
2026-04-22 15:49:58,22.45,9.99,47
2026-04-22 15:49:59,26.19,9.25,4
2026-04-22 15:50:00,24.11,3.91,28
2026-04-22 15:50:01,24.10,3.25,20
2026-04-22 15:50:02,28.04,7.22,38
2026-04-22 15:50:03,29.60,5.15,33
2026-04-22 15:50:04,112.00,7.84,39
2026-04-22 15:50:05,20.12,4.39,8
2026-04-22 15:50:06,25.52,6.82,25
2026-04-22 15:50:07,28.67,9.41,26
2026-04-22 15:50:08,27.88,8.80,10
2026-04-22 15:50:09,20.30,8.97,17
2026-04-22 15:50:10,27.24,6.45,1
2026-04-22 15:50:11,21.37,1.48,4
2026-04-22 15:50:12,93.00,8.31,10
2026-04-22 15:50:13,29.10,8.51,12
2026-04-22 15:50:14,26.88,8.22,42
2026-04-22 15:50:15,29.76,7.61,32
2026-04-22 15:50:16,23.90,4.25,0
2026-04-22 15:50:17,27.74,6.00,4
2026-04-22 15:50:18,20.44,7.36,3
2026-04-22 15:50:19,24.69,3.44,49
2026-04-22 15:50:20,20.26,5.42,23
2026-04-22 15:50:21,26.79,9.88,42
2026-04-22 15:50:22,29.64,7.19,12
2026-04-22 15:50:23,23.93,6.70,49
2026-04-22 15:50:24,26.82,9.64,37
2026-04-22 15:50:25,24.22,8.44,40
2026-04-22 15:50:26,26.80,7.28,39
2026-04-22 15:50:27,23.88,9.44,49
2026-04-22 15:50:28,24.02,4.79,9
2026-04-22 15:50:29,28.42,4.40,13
2026-04-22 15:50:30,23.13,7.00,14
2026-04-22 15:50:31,21.14,4.43,41
2026-04-22 15:50:33,27.34,5.97,11
2026-04-22 15:50:34,25.12,4.43,48
2026-04-22 15:50:35,24.01,1.01,27
2026-04-22 15:50:36,25.43,7.89,39
2026-04-22 15:50:37,23.07,1.14,4
2026-04-22 15:50:38,20.10,3.84,45
2026-04-22 15:50:39,23.40,7.33,16
2026-04-22 15:50:40,29.54,3.50,45
2026-04-22 15:50:41,29.88,5.35,37
2026-04-22 15:50:42,21.93,7.08,18
2026-04-22 15:50:43,24.09,8.57,31
2026-04-22 15:50:44,28.79,3.56,17
2026-04-22 15:50:45,27.17,8.33,16
2026-04-22 15:50:46,27.47,6.71,16
2026-04-22 15:50:47,22.04,4.94,28
2026-04-22 15:50:48,28.28,6.86,45
2026-04-22 15:50:49,21.74,4.30,43
2026-04-22 15:50:50,29.38,7.38,17
2026-04-22 15:50:51,21.21,6.58,3
2026-04-22 15:50:52,21.20,7.06,26
2026-04-22 15:50:53,26.37,2.71,8
2026-04-22 15:50:54,22.32,7.17,9
2026-04-22 15:50:55,27.05,9.65,22
2026-04-22 15:50:56,21.93,8.19,28
2026-04-22 15:50:57,106.00,7.74,48
2026-04-22 15:50:58,28.68,4.20,42
2026-04-22 15:50:59,26.57,7.41,48
2026-04-22 15:51:00,23.50,1.63,41
2026-04-22 15:51:01,27.99,9.33,16
2026-04-22 15:51:02,23.08,8.67,32
2026-04-22 15:51:03,24.33,7.70,37
2026-04-22 15:51:04,29.93,7.71,35
2026-04-22 15:51:05,27.93,2.05,42
2026-04-22 15:51:06,22.21,2.42,12
2026-04-22 15:51:07,22.99,3.36,30
2026-04-22 15:51:08,29.52,1.36,42
2026-04-22 15:51:09,21.76,6.10,23
2026-04-22 15:51:10,24.86,1.21,10
2026-04-22 15:51:11,21.61,4.45,24
2026-04-22 15:51:12,24.03,4.11,23
2026-04-22 15:51:13,22.83,2.69,33
2026-04-22 15:51:14,24.14,7.43,4
2026-04-22 15:51:15,21.05,9.08,21
2026-04-22 15:51:16,26.00,9.19,48
2026-04-22 15:51:17,26.44,4.81,19
2026-04-22 15:51:18,20.06,9.50,39
2026-04-22 15:51:19,27.77,5.11,20
2026-04-22 15:51:20,23.29,8.23,22
2026-04-22 15:51:21,22.35,4.39,2
2026-04-22 15:51:22,23.31,1.26,19
2026-04-22 15:51:23,24.24,8.36,7
2026-04-22 15:51:24,21.44,1.36,44
2026-04-22 15:51:25,21.69,8.00,11
2026-04-22 15:51:26,24.32,3.78,31
2026-04-22 15:51:27,22.44,9.80,40
2026-04-22 15:51:28,25.24,6.84,27
2026-04-22 15:51:29,29.12,6.60,4
2026-04-22 15:51:30,24.56,8.21,0
2026-04-22 15:51:31,26.75,7.16,49
2026-04-22 15:51:32,26.71,8.97,21
2026-04-22 15:51:33,21.79,2.31,4
2026-04-22 15:51:34,25.88,1.04,48
2026-04-22 15:51:35,29.09,7.74,13
2026-04-22 15:51:36,20.58,4.79,27
2026-04-22 15:51:37,23.66,2.89,36
2026-04-22 15:51:38,21.40,7.86,7
2026-04-22 15:51:39,26.50,3.99,48
2026-04-22 15:51:40,28.65,5.86,15
2026-04-22 15:51:41,21.76,3.70,33
2026-04-22 15:51:42,25.71,9.73,16
2026-04-22 15:51:43,21.18,1.58,37
2026-04-22 15:51:44,26.57,9.49,24
2026-04-22 15:51:45,111.00,3.80,23
2026-04-22 15:51:46,23.22,5.57,47
2026-04-22 15:51:47,27.40,5.00,31
2026-04-22 15:51:48,28.19,3.04,33
2026-04-22 15:51:49,22.12,6.06,0
2026-04-22 15:51:50,27.23,2.96,26
2026-04-22 15:51:51,27.82,9.07,46
2026-04-22 15:51:52,22.00,1.54,36
2026-04-22 15:51:53,27.99,1.77,22
2026-04-22 15:51:54,28.79,5.68,10
2026-04-22 15:51:55,28.36,6.02,32
2026-04-22 15:51:56,29.75,4.39,29
2026-04-22 15:51:57,21.33,2.75,42
2026-04-22 15:51:58,26.02,6.63,44
2026-04-22 15:51:59,26.17,3.12,1
2026-04-22 15:52:00,21.59,9.68,26
2026-04-22 15:52:01,20.86,4.80,26
2026-04-22 15:52:02,26.87,1.23,26
2026-04-22 15:52:03,27.57,7.75,28
2026-04-22 15:52:04,20.73,1.90,40
2026-04-22 15:52:05,25.57,7.33,24
2026-04-22 15:52:06,23.28,1.32,10
2026-04-22 15:52:07,110.00,2.08,15
2026-04-22 15:52:08,22.71,1.21,35
2026-04-22 15:52:09,22.37,4.52,29
2026-04-22 15:52:10,22.16,7.87,0
2026-04-22 15:52:11,26.23,9.90,11
2026-04-22 15:52:12,26.39,6.79,40
2026-04-22 15:52:13,22.35,6.62,33
2026-04-22 15:52:14,23.28,4.49,35
2026-04-22 15:52:15,20.99,9.79,41
2026-04-22 15:52:16,23.10,2.59,48
2026-04-22 15:52:17,20.74,6.45,29
2026-04-22 15:52:18,21.07,1.47,18
2026-04-22 15:52:19,28.02,5.92,33
2026-04-22 15:52:20,25.99,4.48,12
2026-04-22 15:52:21,22.67,4.75,12
2026-04-22 15:52:22,27.54,3.19,17
2026-04-22 15:52:23,23.47,2.28,48
2026-04-22 15:52:24,24.81,1.88,20
2026-04-22 15:52:25,20.32,2.60,12
2026-04-22 15:52:26,26.28,3.74,5
2026-04-22 15:52:27,26.88,6.53,3
2026-04-22 15:52:28,26.80,8.39,35
2026-04-22 15:52:29,23.79,2.02,43
2026-04-22 15:52:30,26.66,5.88,41
2026-04-22 15:52:31,27.96,5.75,25
2026-04-22 15:52:32,90.00,9.93,37
2026-04-22 15:52:33,24.04,2.15,31
2026-04-22 15:52:34,28.05,7.30,18
2026-04-22 15:52:35,21.14,7.18,46
2026-04-22 15:52:36,22.01,3.80,35
2026-04-22 15:52:37,22.07,8.32,14
2026-04-22 15:52:38,29.36,2.88,8
2026-04-22 15:52:39,27.43,2.74,0
2026-04-22 15:52:40,27.84,8.15,23
2026-04-22 15:52:41,21.87,2.75,17
2026-04-22 15:52:42,21.20,8.58,26
2026-04-22 15:52:43,25.58,5.61,47
2026-04-22 15:52:44,21.96,3.65,18
2026-04-22 15:52:45,29.79,2.72,1
2026-04-22 15:52:46,29.88,4.47,36
2026-04-22 15:52:47,29.67,8.18,49
2026-04-22 15:52:48,22.31,5.43,28
2026-04-22 15:52:49,28.51,1.11,23
2026-04-22 15:52:50,22.39,5.21,11
2026-04-22 15:52:52,20.60,1.81,30
2026-04-22 15:52:53,20.34,6.53,15
2026-04-22 15:52:54,115.00,6.87,8
2026-04-22 15:52:55,21.66,8.18,18
2026-04-22 15:52:56,23.28,4.18,47
2026-04-22 15:52:57,28.42,4.49,1
2026-04-22 15:52:58,109.00,8.35,7
2026-04-22 15:52:59,20.33,5.99,41
2026-04-22 15:53:00,28.96,9.85,20
2026-04-22 15:53:01,118.00,8.97,26
2026-04-22 15:53:02,29.70,4.68,41
2026-04-22 15:53:03,114.00,9.40,38
2026-04-22 15:53:04,115.00,9.97,27
2026-04-22 15:53:05,25.38,6.10,21
2026-04-22 15:53:06,23.44,4.37,1
2026-04-22 15:53:07,22.33,4.19,42
2026-04-22 15:53:08,20.55,8.97,34
2026-04-22 15:53:09,25.27,3.82,4
2026-04-22 15:53:10,21.18,4.21,4
2026-04-22 15:53:11,29.20,1.33,37
2026-04-22 15:53:12,23.01,3.08,46
2026-04-22 15:53:13,27.95,8.11,40
2026-04-22 15:53:14,24.23,9.41,49
2026-04-22 15:53:15,26.46,4.01,23
2026-04-22 15:53:16,27.88,7.04,30
2026-04-22 15:53:17,29.87,2.39,26
2026-04-22 15:53:18,22.49,9.52,43
2026-04-22 15:53:19,29.18,5.94,10
2026-04-22 15:53:20,20.41,3.84,48
2026-04-23 00:27:26,20.33,2.43,35
2026-04-23 00:27:27,23.89,4.86,9
2026-04-23 00:27:28,101.00,4.47,33
2026-04-23 00:27:29,29.16,6.14,11
2026-04-23 00:27:30,22.26,1.61,8
2026-04-23 00:27:31,27.84,8.20,14
2026-04-23 00:27:32,25.05,9.64,37
2026-04-23 00:27:33,99.00,9.13,11
2026-04-23 00:27:34,20.16,4.14,21
2026-04-23 00:27:35,24.38,2.45,2
2026-04-23 00:27:36,28.06,3.92,13
2026-04-23 00:27:38,20.01,4.58,15
2026-04-23 00:27:39,21.20,4.50,6
2026-04-23 00:27:40,29.43,3.67,22
2026-04-23 00:27:41,26.02,3.60,32
2026-04-23 00:27:42,27.34,6.12,43
2026-04-23 00:27:43,21.34,9.24,3
2026-04-23 00:27:44,21.11,3.72,0
2026-04-23 00:27:45,108.00,8.38,34
2026-04-23 00:27:46,24.31,8.81,27
2026-04-23 00:27:47,24.08,3.37,33
2026-04-23 00:27:48,20.95,5.64,6
2026-04-23 00:27:49,23.31,5.57,34
2026-04-23 00:27:50,22.79,4.00,34
2026-04-23 00:27:51,28.88,4.08,13
2026-04-23 00:27:52,25.82,8.83,3
2026-04-23 00:27:53,27.02,7.08,49
2026-04-23 00:27:56,27.89,5.91,8
2026-04-23 00:27:57,25.80,1.20,17
2026-04-23 00:27:58,22.80,6.35,32
2026-04-23 00:27:59,29.90,8.24,37
2026-04-23 00:28:00,25.93,8.57,6
2026-04-23 00:28:02,22.30,1.69,14
2026-04-23 00:28:03,26.65,2.53,28
2026-04-23 00:28:04,23.52,6.69,23
2026-04-23 00:28:05,28.18,3.02,46
2026-04-23 00:28:06,28.59,2.57,21
2026-04-23 00:28:07,23.63,5.50,11
2026-04-23 00:28:08,24.20,1.45,10
2026-04-23 00:28:09,21.76,4.27,42
2026-04-23 00:28:10,21.11,9.33,34
2026-04-23 00:28:11,23.70,1.30,2
2026-04-23 00:28:12,20.57,3.15,33
2026-04-23 00:28:13,96.00,7.06,49
2026-04-23 00:28:14,21.05,1.69,10
2026-04-23 00:28:15,23.44,9.65,41
2026-04-23 00:28:16,27.15,8.74,49
2026-04-23 00:28:17,26.60,1.04,36
2026-04-23 00:28:18,28.03,3.73,19
2026-04-23 00:28:19,27.55,9.53,41
2026-04-23 00:28:20,27.97,9.61,16
2026-04-23 00:28:21,23.01,1.83,5
2026-04-23 00:28:22,27.59,6.84,18
2026-04-23 00:28:23,27.90,4.21,10
2026-04-23 00:28:24,24.33,4.06,25
2026-04-23 00:28:25,28.76,3.47,2
2026-04-23 00:28:26,21.09,7.81,46
2026-04-23 00:28:27,27.43,8.10,19
2026-04-23 00:28:28,21.61,9.07,14
2026-04-23 00:28:29,21.95,9.73,36
2026-04-23 00:28:30,27.87,4.80,7
2026-04-23 00:28:31,29.50,6.67,38
2026-04-23 00:28:32,24.75,4.50,27
2026-04-23 00:28:33,21.20,4.23,14
2026-04-23 00:28:34,26.70,2.90,27
2026-04-23 00:28:35,28.18,4.55,32
2026-04-23 00:28:36,26.37,2.81,9
2026-04-23 00:28:37,26.29,2.77,12
2026-04-23 00:28:38,29.45,5.23,47
2026-04-23 00:28:39,21.58,4.24,43
2026-04-23 00:28:40,21.02,6.79,36
2026-04-23 00:28:41,27.00,4.26,17
2026-04-23 00:28:42,24.24,6.41,44
2026-04-23 00:28:43,26.15,7.90,44
2026-04-23 00:28:44,20.65,7.01,40
2026-04-23 00:28:45,21.38,5.22,21
2026-04-23 00:28:46,29.56,5.25,38
2026-04-23 00:28:47,22.54,2.25,48
2026-04-23 00:28:48,90.00,8.83,37
2026-04-23 00:28:49,24.82,9.85,6
2026-04-23 00:28:50,24.47,6.69,31
2026-04-23 00:28:54,25.54,2.96,1
2026-04-23 00:28:55,21.18,4.51,19
2026-04-23 00:28:56,20.45,8.68,9
2026-04-23 00:28:57,29.69,3.06,3
2026-04-23 00:28:58,26.29,8.27,16
2026-04-23 00:28:59,26.17,4.95,31
2026-04-23 00:29:00,28.61,5.48,14
2026-04-23 00:29:01,22.89,8.43,35
2026-04-23 00:29:02,21.17,4.47,22
2026-04-23 00:29:03,23.67,7.47,35
2026-04-23 00:29:04,21.84,1.59,1
2026-04-23 00:29:05,27.87,2.18,48
2026-04-23 00:29:06,22.54,1.56,16
2026-04-23 00:29:07,20.77,7.81,7
2026-04-23 00:29:08,28.00,4.49,11
2026-04-23 00:29:09,29.65,7.29,31
2026-04-23 00:29:10,24.34,1.53,46
2026-04-23 00:29:11,22.08,8.63,28
2026-04-23 00:29:12,23.46,4.16,29
2026-04-23 00:29:13,27.96,4.22,26
2026-04-23 00:29:14,28.17,8.60,25
2026-04-23 00:29:15,20.93,1.83,38
2026-04-23 00:29:55,29.01,3.95,12
2026-04-23 00:29:56,29.94,3.32,22
2026-04-23 00:29:57,22.97,2.24,29
2026-04-23 00:29:58,25.44,1.14,7
2026-04-23 00:29:59,26.86,8.45,24
2026-04-23 00:30:00,21.81,8.26,1
2026-04-23 00:30:01,22.01,1.23,7
2026-04-23 00:30:02,112.00,3.37,48
2026-04-23 00:30:03,20.86,7.10,17
2026-04-23 00:30:04,22.50,8.81,47
2026-04-23 00:30:05,22.25,4.69,44
2026-04-23 00:30:06,93.00,3.36,18
2026-04-23 00:30:07,24.63,5.09,12
2026-04-23 00:30:08,22.30,9.38,36
2026-04-23 00:30:09,27.01,1.07,19
2026-04-23 00:30:10,21.81,3.93,42
2026-04-23 00:30:11,23.91,2.21,31
2026-04-23 00:30:12,27.98,8.14,18
2026-04-23 00:30:13,21.06,8.73,2
2026-04-23 00:30:14,28.89,1.38,22
2026-04-23 00:30:15,22.01,4.97,24
2026-04-23 00:30:16,23.93,3.79,15
2026-04-23 00:30:17,29.50,7.36,6
2026-04-23 00:30:18,20.22,2.13,45
2026-04-23 00:30:19,105.00,1.40,5
2026-04-23 00:30:20,20.99,1.34,42
2026-04-23 00:30:21,20.27,4.69,36
2026-04-23 00:30:22,23.16,4.26,10
2026-04-23 00:30:23,24.51,3.97,7
2026-04-23 00:30:24,21.06,2.83,3
2026-04-23 00:30:25,20.20,3.44,0
2026-04-23 00:30:26,22.23,3.32,19
2026-04-23 00:30:27,20.84,8.52,9
2026-04-23 00:30:28,25.17,4.26,28
2026-04-23 00:30:29,25.06,3.54,24
2026-04-23 00:30:30,23.69,9.00,24
2026-04-23 00:30:31,20.33,6.18,33
2026-04-23 00:30:32,28.15,2.12,27
2026-04-23 00:30:33,29.59,7.11,38
2026-04-23 00:30:34,24.75,9.29,43
2026-04-23 00:30:35,29.49,4.16,9
2026-04-23 00:30:36,27.39,9.43,34
2026-04-23 00:30:37,23.28,5.92,9
2026-04-23 00:30:38,21.75,1.95,8
2026-04-23 00:30:39,23.49,3.93,10
2026-04-23 00:30:40,21.92,2.79,1
2026-04-23 00:30:41,27.69,8.62,11
2026-04-23 00:30:42,102.00,9.82,33
2026-04-23 00:30:43,22.01,3.68,3
2026-04-23 00:30:44,21.09,6.43,14
2026-04-23 00:30:45,26.56,8.85,45
2026-04-23 00:30:47,24.48,8.66,22
2026-04-23 00:30:48,25.14,6.28,10
2026-04-23 00:30:49,27.09,8.94,38
2026-04-23 00:30:50,22.36,2.88,8
2026-04-23 00:30:51,20.57,3.76,30
2026-04-23 00:30:52,27.41,9.92,20
2026-04-23 00:30:53,24.34,1.96,23
2026-04-23 00:30:54,28.60,3.42,46
2026-04-23 00:30:55,110.00,1.43,30
2026-04-23 00:30:56,100.00,9.94,2
2026-04-23 00:30:57,27.34,6.02,34
2026-04-23 00:30:58,23.17,7.31,12
2026-04-23 00:30:59,22.76,6.69,5
2026-04-23 00:31:00,23.80,6.07,42
2026-04-23 00:31:01,27.19,5.79,16
2026-04-23 00:31:02,24.36,4.67,24
2026-04-23 00:31:03,21.16,7.05,17
2026-04-23 00:31:04,24.38,4.05,47
2026-04-23 00:31:05,22.35,3.65,42
2026-04-23 00:31:06,27.38,5.34,32
2026-04-23 00:31:07,24.89,2.85,40
2026-04-23 00:31:08,23.99,1.63,1
2026-04-23 00:31:09,20.38,5.58,29
2026-04-23 00:31:10,28.57,9.29,2
2026-04-23 00:31:11,26.29,2.03,36
2026-04-23 00:31:12,25.94,9.12,17
2026-04-23 00:31:13,20.45,3.77,17
2026-04-23 00:31:14,23.65,2.71,33
2026-04-23 00:31:15,20.35,3.01,35
2026-04-23 00:31:16,23.93,9.95,31
2026-04-23 00:31:17,24.80,5.01,34
2026-04-23 00:31:18,20.56,4.04,44
2026-04-23 00:31:19,29.17,4.65,0
2026-04-23 00:31:20,27.70,8.44,16
2026-04-23 00:31:21,92.00,7.73,49
2026-04-23 00:31:22,26.16,1.05,31
2026-04-23 00:31:23,25.17,7.90,39
2026-04-23 00:31:24,22.29,2.43,1
2026-04-23 00:31:25,20.27,8.44,0
2026-04-23 00:31:26,27.99,1.12,36
2026-04-23 00:31:27,28.08,1.39,14
2026-04-23 00:31:28,27.59,3.60,7
2026-04-23 00:31:29,26.84,5.82,4
2026-04-23 00:31:30,21.45,1.39,32
2026-04-23 00:31:31,21.35,7.09,21
2026-04-23 00:31:32,25.71,4.22,29
2026-04-23 00:31:33,26.37,1.57,38
2026-04-23 00:31:34,21.97,4.29,46
2026-04-23 00:31:35,21.06,8.13,8
2026-04-23 00:31:36,20.54,4.30,27
2026-04-23 00:31:37,29.28,7.81,0
2026-04-23 00:31:38,22.59,6.17,33
2026-04-23 00:31:39,26.12,4.30,0
2026-04-23 00:31:40,29.01,1.50,0
2026-04-23 00:31:47,20.60,3.53,32
2026-04-23 00:31:48,21.10,8.72,32
2026-04-23 00:31:49,27.29,9.11,34
2026-04-23 00:31:50,26.31,8.70,48
2026-04-23 00:31:51,21.97,4.31,10
2026-04-23 00:31:52,22.59,5.93,13
2026-04-23 00:31:53,27.01,7.95,47
2026-04-23 00:31:54,21.86,6.83,29
2026-04-23 00:31:55,27.25,4.56,40
2026-04-23 00:31:56,24.13,6.39,22
2026-04-23 00:31:57,20.73,4.92,13
2026-04-23 00:31:58,27.35,5.73,33
2026-04-23 00:31:59,21.15,2.94,34
2026-04-23 00:32:00,24.96,1.33,39
2026-04-23 00:32:01,27.68,1.23,32
2026-04-23 00:32:02,28.74,3.45,13
2026-04-23 00:32:03,23.02,4.97,24
2026-04-23 00:32:04,26.00,7.03,34
2026-04-23 00:32:05,20.78,1.03,31
2026-04-23 00:32:06,27.96,1.72,46
2026-04-23 00:32:07,28.80,3.41,2
2026-04-23 00:32:08,25.94,6.65,42
2026-04-23 00:32:09,26.77,5.15,20
2026-04-23 00:32:10,29.69,3.39,34
2026-04-23 00:32:11,22.69,6.05,6
2026-04-23 00:32:12,21.06,8.72,27
2026-04-23 00:32:13,29.17,1.39,28
2026-04-23 00:32:14,26.16,2.32,46
2026-04-23 00:32:15,28.03,7.57,38
2026-04-23 00:32:16,23.90,5.46,40
2026-04-23 00:32:17,20.18,8.86,19
2026-04-23 00:32:18,25.94,4.26,27
2026-04-23 00:32:19,29.87,8.20,17
2026-04-23 00:32:21,27.75,9.95,7
2026-04-23 00:39:51,22.40,6.98,3
2026-04-23 00:39:52,24.10,8.88,3
2026-04-23 00:39:53,93.00,6.41,30
2026-04-23 00:39:54,23.56,7.67,29
2026-04-23 00:39:55,23.08,4.41,49
2026-04-23 00:39:56,27.44,7.48,36
2026-04-23 00:39:57,22.56,3.88,4
2026-04-23 00:39:58,28.43,8.17,21
2026-04-23 00:39:59,23.77,4.15,34
2026-04-23 00:40:00,28.77,9.22,1
2026-04-23 00:40:01,23.06,4.51,41
2026-04-23 00:40:02,22.93,9.04,42
2026-04-23 00:40:03,25.50,5.18,27
2026-04-23 00:40:04,26.60,7.75,28
2026-04-23 00:40:05,26.35,1.60,46
2026-04-23 00:40:06,25.60,7.64,21
2026-04-23 00:40:07,22.57,4.77,40
2026-04-23 00:40:08,23.68,7.97,21
2026-04-23 00:40:09,21.55,9.26,44
2026-04-23 00:40:10,29.84,2.74,35
2026-04-23 00:40:11,20.66,2.02,25
2026-04-23 00:40:12,27.63,7.43,23
2026-04-23 00:40:13,23.54,5.38,48
2026-04-23 00:40:14,26.90,6.27,41
2026-04-23 00:40:15,26.36,2.52,29
2026-04-23 00:43:34,21.09,3.68,32
2026-04-23 00:43:35,28.08,2.92,3
2026-04-23 00:43:36,27.89,1.96,25
2026-04-23 00:43:37,29.58,5.88,18
2026-04-23 00:43:38,22.32,7.36,7
2026-04-23 00:43:39,29.72,4.76,19
2026-04-23 00:43:40,25.11,9.48,40
2026-04-23 00:43:41,22.60,2.60,31
2026-04-23 00:43:42,97.00,8.07,47
2026-04-23 00:43:43,23.00,1.99,45
2026-04-23 00:43:44,23.81,4.07,21
2026-04-23 00:43:45,23.38,1.11,17
2026-04-23 00:43:46,28.18,5.40,38
2026-04-23 00:43:47,26.84,1.34,17
2026-04-23 00:43:48,90.00,7.58,24
2026-04-23 00:43:49,27.81,1.69,30
2026-04-23 00:43:50,25.17,3.57,16
2026-04-23 00:43:51,20.62,9.80,31
2026-04-23 00:43:52,27.74,5.83,11
2026-04-23 00:43:53,28.37,8.32,16
2026-04-23 00:43:54,21.57,6.22,1
2026-04-23 00:43:55,26.26,3.34,43
2026-04-23 00:43:56,27.75,5.37,40
2026-04-23 00:43:57,27.37,8.49,15
2026-04-23 00:43:58,28.26,7.51,41
2026-04-23 00:43:59,21.88,5.19,34
2026-04-23 00:44:00,25.55,6.80,4
2026-04-23 00:44:01,28.66,3.59,11
2026-04-23 00:44:02,22.83,4.39,47
2026-04-23 00:44:03,20.23,1.72,32
2026-04-23 00:44:04,24.26,4.82,47
2026-04-23 00:44:05,23.95,5.96,19
2026-04-23 00:44:06,20.45,9.30,37
2026-04-23 00:44:07,27.17,1.81,25
2026-04-23 00:44:08,20.69,3.40,12
2026-04-23 00:44:09,26.25,8.61,3
2026-04-23 00:44:10,24.67,8.26,3
2026-04-23 00:44:11,29.54,9.95,19
2026-04-23 00:44:12,29.24,3.32,29
2026-04-23 00:44:13,24.36,7.91,3
2026-04-23 00:44:14,26.10,9.60,28
2026-04-23 00:44:15,22.40,4.69,6
2026-04-23 00:44:16,25.38,6.55,33
2026-04-23 00:44:17,20.94,3.08,32
2026-04-23 00:44:18,29.46,4.29,49
2026-04-23 00:44:19,29.62,2.69,10
2026-04-23 00:44:20,29.44,8.46,35
2026-04-23 00:44:21,25.38,8.73,40
2026-04-23 00:44:22,21.05,9.15,19
2026-04-23 00:44:23,28.50,2.29,6
2026-04-23 00:44:24,29.15,5.24,22
2026-04-23 00:44:25,21.01,4.54,33
2026-04-23 00:44:26,29.30,5.40,49
2026-04-23 00:44:27,21.11,2.27,45
2026-04-23 00:44:28,29.29,8.94,45
2026-04-23 00:44:29,26.58,7.37,6
2026-04-23 00:44:30,25.87,7.60,18
2026-04-23 00:44:31,25.25,2.40,46
2026-04-23 00:44:32,28.48,5.49,45
2026-04-23 00:44:33,22.12,9.77,37
2026-04-23 00:44:34,20.27,8.53,39
2026-04-23 00:44:35,25.96,7.80,42
2026-04-23 00:44:36,25.70,2.45,33
2026-04-23 00:44:37,22.78,4.06,6
2026-04-23 00:50:35,27.24,6.20,21
2026-04-23 00:50:36,20.64,2.87,7
2026-04-23 00:50:37,21.82,5.01,6
2026-04-23 00:50:38,23.89,6.00,30
2026-04-23 00:50:39,24.55,2.91,23
2026-04-23 00:50:40,28.05,3.02,31
2026-04-23 00:50:41,26.21,7.30,18
2026-04-23 00:50:42,27.04,7.20,31
2026-04-23 00:50:43,26.98,6.17,41
2026-04-23 00:50:44,23.73,7.88,1
2026-04-23 00:50:45,24.54,5.48,16
2026-04-23 00:50:46,22.31,3.81,24
2026-04-23 00:50:47,26.56,7.25,8
2026-04-23 00:50:48,21.68,2.96,20
2026-04-23 00:50:49,24.58,2.07,23
2026-04-23 00:50:50,112.00,8.98,35
2026-04-23 00:50:51,29.68,4.18,15
2026-04-23 00:50:52,22.37,5.80,20
2026-04-23 00:50:53,22.96,7.08,21
2026-04-23 00:50:54,21.85,9.64,41
2026-04-23 00:50:55,20.73,5.92,38
2026-04-23 00:50:56,26.97,2.64,4
2026-04-23 00:50:57,27.32,3.48,5
2026-04-23 00:50:58,20.19,3.29,19
2026-04-23 00:50:59,25.19,5.16,18
2026-04-23 00:51:00,28.92,7.76,34
2026-04-23 00:51:01,23.04,6.85,29
2026-04-23 00:51:02,20.02,4.20,33
2026-04-23 00:51:03,118.00,1.55,33
2026-04-23 00:51:04,26.66,9.67,44
2026-04-23 00:51:05,21.75,2.45,26
2026-04-23 00:51:06,28.94,6.40,42
2026-04-23 00:51:07,22.02,1.09,6
2026-04-23 00:51:08,21.93,6.41,40
2026-04-23 00:51:09,26.40,6.84,29
2026-04-23 00:51:10,29.88,7.97,27
2026-04-23 00:51:11,21.79,3.68,8
2026-04-23 00:51:12,26.73,9.60,29
2026-04-23 00:51:13,24.90,9.67,9
2026-04-23 00:51:14,20.08,6.93,31
2026-04-23 00:51:15,29.88,1.88,26
2026-04-23 00:51:16,25.41,8.69,21
2026-04-23 00:51:17,29.94,9.28,27
2026-04-23 00:51:18,118.00,9.59,30
2026-04-23 00:51:19,21.92,2.76,10
2026-04-23 00:51:20,29.71,2.91,39
2026-04-23 00:51:21,28.85,7.25,40
2026-04-23 00:51:22,25.48,5.78,12
2026-04-23 00:51:23,24.84,1.13,43
2026-04-23 00:51:24,26.61,2.26,8
2026-04-23 00:51:25,29.67,5.45,3
2026-04-23 00:51:26,28.80,5.84,14
2026-04-23 01:08:49,20.19,3.43,34
2026-04-23 01:08:50,26.17,6.53,23
2026-04-23 01:08:51,106.00,6.89,42
2026-04-23 01:08:52,27.78,7.38,43
2026-04-23 01:08:53,26.10,5.02,29
2026-04-23 01:08:54,24.64,7.90,32
2026-04-23 01:08:55,21.49,5.98,40
2026-04-23 01:08:56,28.05,2.30,37
2026-04-23 01:08:57,24.68,9.62,41
2026-04-23 01:08:58,26.13,3.11,11
2026-04-23 01:08:59,28.07,4.11,16
2026-04-23 01:10:03,90.00,7.98,31
2026-04-23 01:10:04,21.53,1.98,11
2026-04-23 01:10:05,23.01,5.88,0
2026-04-23 01:10:06,28.20,8.91,29
2026-04-23 01:10:07,27.22,8.55,12
2026-04-23 01:10:08,24.72,8.86,5
2026-04-23 01:10:09,24.95,3.11,39
2026-04-23 01:10:10,24.29,5.79,20
2026-04-23 01:10:11,21.64,5.12,41
2026-04-23 01:10:12,23.11,7.67,21
2026-04-23 01:10:13,23.06,9.12,16
2026-04-23 01:10:14,26.96,8.51,30
2026-04-23 01:10:15,24.22,8.99,44
2026-04-23 01:10:16,20.05,7.55,19
2026-04-23 01:10:17,21.88,6.39,18
2026-04-23 01:10:18,21.27,5.06,35
2026-04-23 01:10:19,21.24,7.79,48
2026-04-23 01:10:20,27.66,7.83,32
2026-04-23 01:10:21,22.55,2.25,49
2026-04-23 01:10:22,27.84,3.14,24
2026-04-23 01:10:23,28.29,3.35,7
2026-04-23 01:10:24,27.33,3.44,34
2026-04-23 01:10:25,29.72,3.58,16
2026-04-23 01:10:26,24.19,8.21,29
2026-04-23 01:10:27,20.55,5.62,37
2026-04-23 01:10:28,26.78,2.43,19
2026-04-23 01:28:42,22.38,7.27,29
2026-04-23 01:28:43,29.72,6.96,37
2026-04-23 01:28:44,25.96,9.62,43
2026-04-23 01:28:45,27.18,4.23,19
2026-04-23 01:28:46,28.68,9.90,27
2026-04-23 01:28:47,21.11,9.87,38
2026-04-23 01:28:48,22.68,1.68,27
2026-04-23 01:28:49,24.37,4.54,24
2026-04-23 01:28:50,28.38,2.58,11
2026-04-23 01:28:51,27.73,6.23,48
2026-04-23 01:28:52,21.25,8.78,12
2026-04-23 01:28:53,22.33,2.95,18
2026-04-23 01:28:54,26.18,3.73,15
2026-04-23 01:28:55,26.79,5.62,1
2026-04-23 01:28:56,101.00,1.56,28
2026-04-23 01:28:57,23.06,9.71,20
2026-04-23 01:28:58,25.16,9.33,24
2026-04-23 01:28:59,27.25,2.97,22
2026-04-23 01:29:00,24.03,1.80,31
2026-04-23 01:29:01,23.59,2.25,35
2026-04-23 01:29:02,20.13,1.04,27
2026-04-23 01:29:03,23.43,2.70,4
2026-04-23 01:29:04,23.24,9.31,19
2026-04-23 01:29:05,21.27,3.59,43
2026-04-23 01:29:06,24.89,8.90,5
2026-04-23 01:29:07,22.68,2.22,2
2026-04-23 01:29:08,21.84,5.97,25
2026-04-23 01:29:09,25.02,3.36,15
2026-04-23 01:29:10,20.90,5.86,19
2026-04-23 01:29:11,91.00,4.41,12
2026-04-23 01:29:12,22.00,9.01,9
2026-04-23 01:29:13,27.13,1.07,41
2026-04-23 01:29:14,24.85,2.18,41
2026-04-23 01:29:15,22.34,1.73,33
2026-04-23 01:29:16,22.59,9.68,28
2026-04-23 01:29:17,23.32,2.67,44
2026-04-23 01:29:18,26.06,2.49,8
2026-04-23 01:29:19,24.04,6.60,38
2026-04-23 01:29:20,22.46,3.85,18
2026-04-23 01:29:21,30.00,8.87,23
2026-04-23 01:29:22,24.55,1.33,24
2026-04-23 01:29:23,20.83,1.71,25
2026-04-23 01:29:24,27.75,4.89,2
2026-04-23 01:29:25,29.42,7.74,42
2026-04-23 01:29:26,27.33,8.50,38
2026-04-23 01:29:27,20.12,4.19,28
2026-04-23 01:29:28,29.80,3.37,17
2026-04-23 01:29:29,24.34,3.43,17
2026-04-23 01:29:30,21.35,1.62,18
2026-04-23 01:29:31,27.52,8.85,29
2026-04-23 15:38:44,98.00,5.02,31
2026-04-23 15:38:45,26.75,2.03,39
2026-04-23 15:38:46,21.68,9.74,44
2026-04-23 15:38:47,27.18,1.97,5
2026-04-23 15:38:48,27.81,3.20,27
2026-04-23 15:38:49,27.45,6.24,31
2026-04-23 15:38:50,27.18,3.31,14
2026-04-23 15:38:51,27.87,6.05,29
2026-04-23 15:38:52,20.17,5.03,6
2026-04-23 15:38:53,21.32,1.78,37
2026-04-23 15:38:54,28.11,7.60,45
2026-04-23 15:38:55,24.48,6.19,5
2026-04-23 15:38:56,28.27,9.34,16
2026-04-23 15:38:57,21.51,2.74,15
2026-04-23 15:38:58,28.28,5.28,41
2026-04-23 15:38:59,29.06,4.83,31
2026-04-23 15:39:00,99.00,9.40,33
2026-04-23 15:39:01,28.12,5.07,46
2026-04-23 15:39:02,29.59,4.26,44
2026-04-23 15:39:03,23.86,6.17,22
2026-04-23 15:39:04,23.89,8.92,12
2026-04-23 15:39:05,22.53,5.30,38
2026-04-23 15:39:06,29.28,8.97,3
2026-04-23 15:39:07,27.81,5.37,26
2026-04-23 15:39:08,20.84,4.97,30
2026-04-23 15:39:09,27.38,3.85,41
2026-04-23 15:39:10,26.69,7.26,31
2026-04-23 15:39:11,22.94,9.25,2
2026-04-23 15:39:12,28.77,5.78,0
2026-04-23 15:39:13,23.81,2.16,19
2026-04-23 15:39:14,26.03,3.27,13
2026-04-23 15:39:15,23.73,1.34,33
2026-04-23 15:39:16,25.00,2.95,14
2026-04-23 15:39:17,23.63,3.15,16
2026-04-23 15:39:18,29.92,1.33,43
2026-04-23 15:39:19,20.14,6.56,31
2026-04-23 15:39:20,21.07,5.62,37
2026-04-23 15:39:21,26.82,3.48,9
2026-04-23 15:39:22,29.47,4.13,29
2026-04-23 15:39:23,23.10,8.64,20
2026-04-23 15:39:24,27.38,8.43,35
2026-04-23 15:39:25,29.80,1.19,42
2026-04-23 15:39:26,23.97,3.69,39
2026-04-23 15:39:27,26.81,7.51,1
2026-04-23 15:39:28,27.20,6.27,22
2026-04-23 15:39:29,28.19,2.67,11
2026-04-23 15:39:30,22.86,3.82,0
2026-04-23 15:39:31,101.00,8.79,10
2026-04-23 15:39:32,25.64,4.47,41
2026-04-23 15:39:33,29.44,4.34,14
2026-04-23 15:39:34,23.24,7.89,21
2026-04-23 15:39:36,26.97,3.75,26
2026-04-23 15:39:37,28.92,7.89,9
2026-04-23 15:39:38,21.00,5.98,30
2026-04-23 15:39:39,20.43,2.53,10
2026-04-23 15:39:40,23.22,3.14,14
2026-04-23 15:39:41,24.01,5.18,21
2026-04-23 15:39:42,24.01,9.99,9
2026-04-23 15:39:43,24.38,2.61,16
2026-04-23 15:39:44,22.71,2.80,4
2026-04-23 15:39:45,25.15,1.74,35
2026-04-23 15:39:46,23.16,9.14,25
2026-04-23 15:39:47,24.87,8.98,47
2026-04-23 15:39:48,27.01,3.43,38
2026-04-23 15:39:49,26.54,1.25,48
2026-04-23 15:39:50,27.14,3.95,38
2026-04-23 15:39:51,24.66,2.92,36
2026-04-23 15:39:52,20.44,6.08,31
2026-04-23 15:39:53,29.51,3.10,48
2026-04-23 15:39:54,27.61,2.39,20
2026-04-23 15:39:55,28.68,2.10,36
2026-04-23 15:39:56,22.50,3.78,38
2026-04-23 15:39:57,20.34,3.29,40
2026-04-23 15:39:58,21.10,7.51,7
2026-04-23 15:39:59,27.07,3.54,34
2026-04-23 15:40:00,26.91,2.85,21
2026-04-23 15:40:01,20.77,4.19,37
2026-04-23 15:40:02,28.12,5.72,4
2026-04-23 15:40:03,22.16,2.77,23
2026-04-23 15:40:04,28.03,9.41,36
2026-04-23 15:40:05,20.12,5.61,20
2026-04-23 15:40:06,25.65,7.85,17
2026-04-23 15:40:07,25.69,6.34,17
2026-04-23 15:40:08,111.00,3.38,13
2026-04-23 15:40:09,23.24,1.86,29
2026-04-23 15:40:10,20.83,8.95,30
2026-04-23 15:40:11,21.83,5.18,29
2026-04-23 15:40:12,20.80,1.36,7
2026-04-23 15:40:13,20.65,4.73,41
2026-04-23 15:40:14,24.43,7.28,32
2026-04-23 15:40:15,27.63,9.85,47
2026-04-23 15:40:16,27.71,2.68,9
2026-04-23 15:40:17,29.05,2.16,38
2026-04-23 15:40:18,20.56,6.93,25
2026-04-23 15:40:19,21.98,1.69,10
2026-04-23 15:40:20,28.60,9.37,28
2026-04-23 15:40:21,26.04,1.75,34
2026-04-23 15:40:22,20.96,9.64,3
2026-04-23 15:40:23,24.92,9.46,0
2026-04-23 15:40:24,26.28,6.00,49
2026-04-23 15:40:25,20.27,2.97,46
2026-04-23 15:40:26,21.73,4.49,34
2026-04-23 15:40:27,20.50,2.37,27
2026-04-23 15:40:28,29.17,2.79,38
2026-04-23 15:40:29,26.51,3.54,35
2026-04-23 15:40:30,22.99,4.28,38
2026-04-23 15:40:31,106.00,8.26,12
2026-04-23 15:40:32,29.96,7.04,32
2026-04-23 15:40:33,29.24,8.25,38
2026-04-23 15:40:34,23.96,5.67,24
2026-04-23 15:40:38,24.26,2.76,13
2026-04-23 15:40:39,29.48,3.32,46
2026-04-23 15:40:40,24.80,9.53,40
2026-04-23 15:40:41,21.76,4.42,36
2026-04-23 15:40:42,21.99,5.97,15
2026-04-23 15:40:43,27.55,2.10,17
2026-04-23 15:40:44,21.47,8.69,4
2026-04-23 15:40:45,21.28,2.28,36
2026-04-23 15:40:46,22.87,1.01,39
2026-04-23 15:40:47,29.69,6.05,39
2026-04-23 15:40:48,20.84,9.94,28
2026-04-23 15:40:49,24.47,1.50,13
2026-04-23 15:40:50,24.27,9.76,46
2026-04-23 15:40:51,26.31,7.18,38
2026-04-23 15:40:52,28.02,3.94,0
2026-04-23 15:40:53,20.35,6.33,6
2026-04-23 15:40:54,21.35,7.10,8
2026-04-23 15:40:55,25.31,9.57,40
2026-04-23 15:40:56,20.69,6.26,3
2026-04-23 15:40:57,29.52,6.66,32
2026-04-23 15:40:58,21.94,7.74,16
2026-04-23 15:40:59,28.19,8.21,35
2026-04-23 15:41:00,29.85,2.93,16
2026-04-23 15:41:01,24.19,4.13,40
2026-04-23 15:41:02,26.58,6.31,2
2026-04-23 15:41:03,20.55,8.58,8
2026-04-23 15:41:04,25.21,6.45,22
2026-04-23 15:41:05,26.01,3.33,18
2026-04-23 15:41:06,22.24,8.73,16
2026-04-23 15:41:07,29.95,7.37,27
2026-04-23 15:41:08,24.19,9.51,1
2026-04-23 15:41:09,22.54,4.75,37
2026-04-23 15:41:10,20.33,9.77,2
2026-04-23 15:41:11,20.53,5.51,36
2026-04-23 15:41:16,29.18,7.01,9
2026-04-23 15:41:17,28.77,2.60,1
2026-04-23 15:41:18,29.06,8.93,44
2026-04-23 15:41:19,28.42,8.25,13
2026-04-23 15:41:20,23.49,6.07,4
2026-04-23 15:41:21,24.82,9.46,30
2026-04-23 15:41:22,29.32,4.72,18
2026-04-23 15:41:23,20.18,2.61,18
2026-04-23 15:41:24,23.09,4.84,35
2026-04-23 15:41:25,26.33,8.02,8
2026-04-23 15:41:26,20.20,9.28,40
2026-04-23 15:41:27,97.00,8.39,18
2026-04-23 15:41:28,23.10,8.09,33
2026-04-23 15:41:29,29.23,9.47,2
2026-04-23 15:41:30,27.15,8.55,16
2026-04-23 15:41:32,23.35,1.12,43
2026-04-23 15:41:33,25.38,6.94,33
2026-04-23 15:41:34,23.64,9.43,6
2026-04-23 15:41:35,29.18,4.01,11
2026-04-23 15:41:36,24.31,6.47,18
2026-04-23 15:41:37,26.42,2.38,24
2026-04-23 15:41:38,27.31,9.31,34
2026-04-23 15:41:39,24.52,9.60,29
2026-04-23 15:41:40,29.11,3.17,21
2026-04-23 15:41:41,23.77,4.11,9
2026-04-23 15:41:42,28.99,6.30,39
2026-04-23 15:41:43,26.57,3.62,35
2026-04-23 15:41:44,26.55,6.80,12
2026-04-23 15:41:45,21.56,7.66,46
2026-04-23 15:41:46,23.40,8.49,39
2026-04-23 15:41:47,25.46,4.56,33
2026-04-23 15:41:48,21.18,6.38,43
2026-04-23 15:41:49,24.78,2.04,39
2026-04-23 15:41:50,24.25,8.82,14
2026-04-23 15:41:51,109.00,3.99,10
2026-04-23 15:41:52,22.46,2.87,30
2026-04-23 15:41:53,24.38,2.71,24
2026-04-23 15:41:54,20.22,6.01,11
2026-04-23 15:41:55,25.90,7.28,29
2026-04-23 15:41:56,24.03,8.68,18
2026-04-23 15:41:57,27.97,5.99,41
2026-04-23 15:41:58,24.77,1.93,34
2026-04-23 15:41:59,25.85,6.89,24
2026-04-23 15:42:00,106.00,9.55,3
2026-04-23 15:42:01,25.77,4.30,24
2026-04-23 15:42:02,20.52,3.03,45
2026-04-23 15:42:03,112.00,9.04,36
2026-04-23 15:42:04,21.39,5.56,2
2026-04-23 15:42:05,21.13,6.58,45
2026-04-23 15:42:06,27.93,3.66,38
2026-04-23 15:42:07,29.62,5.73,46
2026-04-23 15:42:08,27.27,6.11,48
2026-04-23 15:42:09,20.36,5.54,0
2026-04-23 15:42:10,22.77,9.29,25
2026-04-23 15:42:11,24.32,2.04,11
2026-04-23 15:42:12,29.11,6.44,24
2026-04-23 15:42:13,27.14,3.35,45
2026-04-23 15:42:14,29.83,2.37,39
2026-04-23 15:42:15,24.99,8.44,18
2026-04-23 15:42:16,29.10,3.95,38
2026-04-23 15:42:17,26.97,1.27,29
2026-04-23 15:42:18,21.93,1.30,30
2026-04-23 15:42:19,24.22,2.37,46
2026-04-23 15:42:20,24.45,9.96,18
2026-04-23 15:42:21,28.32,5.67,29
2026-04-23 15:42:22,27.98,3.89,49
2026-04-23 15:42:23,23.02,6.13,29
2026-04-23 15:42:24,21.24,7.26,28
2026-04-23 15:42:25,28.80,3.83,18
2026-04-23 15:42:26,26.76,7.41,32
2026-04-23 15:42:27,111.00,8.74,49
2026-04-23 15:42:28,21.42,4.62,10
2026-04-23 15:42:29,25.03,9.11,5
2026-04-23 15:42:30,24.65,7.88,24
2026-04-23 15:42:31,23.16,5.05,14
2026-04-23 15:42:32,28.05,9.31,46
2026-04-23 15:42:33,29.51,6.24,44
2026-04-23 15:42:34,28.98,8.60,31
2026-04-23 15:42:35,21.22,9.04,30
2026-04-23 15:42:36,22.52,3.36,13
2026-04-23 15:42:37,26.12,6.68,22
2026-04-23 15:42:38,20.76,3.67,40
2026-04-23 15:42:39,27.50,5.68,42
2026-04-23 15:42:40,21.73,6.50,25
2026-04-23 15:42:41,21.71,6.09,4
2026-04-23 15:42:42,20.02,8.66,10
2026-04-23 15:42:43,21.11,3.20,2
2026-04-23 15:42:44,21.62,7.81,19
2026-04-23 15:42:45,29.15,1.63,42
2026-04-23 15:42:46,27.57,2.29,20
2026-04-23 15:42:47,26.98,3.66,37
2026-04-23 15:42:48,29.06,3.66,3
2026-04-23 15:42:49,26.19,9.48,13
2026-04-23 15:42:50,25.94,8.02,45
2026-04-23 15:42:51,21.89,1.10,4
2026-04-23 15:42:52,25.26,4.07,31
2026-04-23 15:42:53,25.19,4.14,4
2026-04-23 15:42:54,21.20,9.76,38
2026-04-23 15:42:55,20.48,4.26,45
2026-04-23 15:42:56,21.92,9.05,3
2026-04-23 15:42:57,116.00,9.74,27
2026-04-23 15:42:58,28.72,4.40,23
2026-04-23 15:42:59,26.31,1.09,28
2026-04-23 15:43:00,29.14,4.93,0
2026-04-23 15:43:01,20.31,1.01,30
2026-04-23 15:43:02,29.06,6.81,45
2026-04-23 15:43:03,24.54,5.95,0
2026-04-23 15:43:04,20.67,1.51,2
2026-04-23 15:43:05,26.24,4.43,40
2026-04-23 15:43:06,23.22,4.24,7
2026-04-23 15:43:07,29.31,4.38,22
2026-04-23 15:43:08,24.01,3.42,16
2026-04-23 15:43:09,22.03,9.78,5
2026-04-23 15:43:10,28.84,8.26,21
2026-04-23 16:21:01,25.19,3.53,42
2026-04-23 16:21:02,25.29,1.39,24
2026-04-23 16:21:03,27.97,9.42,44
2026-04-23 16:21:04,24.07,3.07,13
2026-04-23 16:21:05,29.39,2.65,42
2026-04-23 16:21:06,26.45,5.47,0
2026-04-23 16:21:07,21.41,8.88,45
2026-04-23 16:21:08,28.80,7.30,14
2026-04-23 16:21:09,25.12,3.23,25
2026-04-23 16:21:10,26.27,6.91,6
2026-04-23 16:21:12,22.25,9.02,25
2026-04-23 16:21:13,93.00,8.82,43
2026-04-23 16:21:14,20.07,6.90,31
2026-04-23 16:21:15,20.34,4.14,21
2026-04-23 16:21:16,20.89,8.48,30
2026-04-23 16:21:17,20.83,4.58,49
2026-04-23 16:21:18,22.46,9.39,3
2026-04-23 16:21:19,26.44,7.68,29
2026-04-23 16:21:20,26.44,7.97,22
2026-04-23 16:21:21,27.57,2.62,34
2026-04-23 16:21:22,23.99,7.97,40
2026-04-23 16:21:23,23.36,5.53,1
2026-04-23 16:21:24,23.03,7.45,44
2026-04-23 16:21:25,21.81,3.95,48
2026-04-23 16:21:26,96.00,4.78,25
2026-04-23 16:21:27,22.49,7.45,28
2026-04-23 16:21:28,20.65,4.42,28
2026-04-23 16:21:29,23.19,5.03,37
2026-04-23 16:21:30,20.69,9.55,29
2026-04-23 16:21:31,22.50,1.13,25
2026-04-23 16:21:32,23.73,3.18,41
2026-04-23 16:21:33,25.11,5.70,18
2026-04-23 16:21:34,29.09,6.73,8
2026-04-23 16:21:35,26.93,5.41,3
2026-04-23 16:21:36,20.69,2.50,31
2026-04-23 16:21:37,22.66,8.46,9
2026-04-23 16:21:38,25.75,7.41,44
2026-04-23 16:21:39,24.04,7.50,26
2026-04-23 16:21:40,25.95,6.97,41
2026-04-23 16:21:41,23.88,6.22,47
2026-04-23 16:21:42,28.30,3.63,3
2026-04-23 16:21:46,27.20,7.62,21
2026-04-23 16:21:47,22.78,2.13,9
2026-04-23 16:21:48,20.25,4.29,19
2026-04-23 16:21:49,27.20,5.69,21
2026-04-23 16:21:50,25.39,9.34,4
2026-04-23 16:21:51,27.48,5.01,8
2026-04-23 16:21:52,27.14,2.36,46
2026-04-23 16:21:53,28.02,3.11,37
2026-04-23 16:21:54,26.60,2.86,36
2026-04-23 16:21:55,119.00,8.32,39
2026-04-23 16:21:56,26.38,1.92,44
2026-04-23 16:21:57,23.60,8.61,46
2026-04-23 16:21:58,23.57,4.36,12
2026-04-23 16:21:59,28.40,4.94,15
2026-04-23 16:22:00,27.36,3.91,40
2026-04-23 16:22:01,25.55,3.57,18
2026-04-23 16:22:02,23.25,9.40,5
2026-04-23 16:22:03,21.83,9.17,32
2026-04-23 16:22:04,22.59,8.24,8
2026-04-23 16:22:05,23.28,3.34,14
2026-04-23 16:22:06,26.50,6.79,13
2026-04-23 16:22:07,23.32,1.91,18
2026-04-23 16:22:08,25.08,5.69,11
2026-04-23 16:22:09,96.00,4.57,5
2026-04-23 16:22:10,29.78,7.56,43
2026-04-23 16:22:11,29.69,4.27,41
2026-04-23 16:22:12,29.24,6.78,5
2026-04-23 16:22:13,29.49,5.51,35
2026-04-23 16:22:14,22.16,9.39,45
2026-04-23 16:22:15,26.50,3.27,39
2026-04-23 16:22:16,28.75,6.44,31
2026-04-23 16:22:17,21.82,3.60,13
2026-04-23 16:22:18,28.13,1.99,25
2026-04-23 16:22:19,24.35,2.09,41
2026-04-23 16:22:20,23.01,5.17,12
2026-04-23 16:22:21,29.17,4.00,1
2026-04-23 16:22:22,23.06,2.77,31
2026-04-23 16:22:23,29.12,4.76,39
2026-04-23 16:22:24,25.28,2.07,16
2026-04-23 16:22:25,25.62,4.98,31
2026-04-23 16:22:26,20.68,6.65,20
2026-04-23 16:22:27,22.97,8.22,7
2026-04-23 16:22:28,29.54,2.91,13
2026-04-23 16:22:29,23.43,6.61,20
2026-04-23 16:22:30,28.24,8.21,46
2026-04-23 16:22:31,21.67,5.28,40
2026-04-23 16:22:32,28.93,8.38,36
2026-04-23 16:22:33,28.68,9.69,32
2026-04-23 16:22:34,29.25,1.97,0
2026-04-23 16:22:35,22.40,9.87,40
2026-04-23 16:22:36,23.75,6.54,16
2026-04-23 16:22:37,28.35,9.57,0
2026-04-23 16:22:38,25.29,6.72,20
2026-04-23 16:22:39,22.88,8.75,11
2026-04-23 16:22:40,25.66,7.57,8
2026-04-23 16:22:41,21.01,2.18,39
2026-04-23 16:22:42,26.70,5.84,12
2026-04-23 16:22:43,28.28,8.41,17
2026-04-23 16:22:44,28.91,7.76,46
2026-04-23 16:22:45,24.60,9.30,15
2026-04-23 16:22:46,23.62,5.77,23
2026-04-23 16:22:47,21.31,2.36,3
2026-04-23 16:22:48,24.54,4.63,19
2026-04-23 16:22:49,28.66,9.84,7
2026-04-23 16:22:50,22.29,3.22,35
2026-04-23 16:22:51,28.35,4.89,20
2026-04-23 16:22:52,20.04,7.30,37
2026-04-23 16:22:53,20.87,9.16,38
2026-04-23 16:22:54,20.48,6.42,23
2026-04-23 16:22:55,26.65,7.21,18
2026-04-23 16:22:56,21.09,6.50,17
2026-04-23 16:22:57,24.96,3.09,16
2026-04-23 16:22:58,23.77,6.54,3
2026-04-23 16:22:59,22.12,2.05,9
2026-04-23 16:23:00,109.00,3.64,1
2026-04-23 16:23:01,21.36,7.72,20
2026-04-23 16:23:02,23.43,6.98,11
2026-04-23 16:23:03,26.69,9.62,23
2026-04-23 16:23:04,28.64,3.96,49
2026-04-23 16:23:05,29.50,7.13,26
2026-04-23 16:23:06,26.10,9.90,16
2026-04-23 16:23:07,21.81,5.33,29
2026-04-23 16:23:08,23.57,8.99,22
2026-04-23 16:23:09,28.91,9.95,49
2026-04-23 16:23:10,107.00,3.94,24
2026-04-23 16:23:12,28.57,9.61,47
2026-04-23 16:23:13,28.02,8.60,31
2026-04-23 16:23:14,27.82,4.61,30
2026-04-23 16:23:15,26.05,8.44,11
2026-04-23 16:23:16,20.86,7.03,1
2026-04-23 16:23:17,27.62,4.62,16
2026-04-23 16:23:18,27.82,6.22,36
2026-04-23 16:23:19,24.74,5.94,42
2026-04-23 16:23:20,100.00,5.47,13
2026-04-23 16:23:21,23.23,8.81,7
2026-04-23 16:23:22,26.65,6.42,43
2026-04-23 16:23:23,29.01,8.77,1
2026-04-23 16:23:24,26.71,2.45,35
2026-04-23 16:23:25,23.93,2.48,38
2026-04-23 16:23:26,26.79,8.00,39
2026-04-23 16:23:27,28.14,6.49,7
2026-04-23 16:23:28,21.06,2.62,26
2026-04-23 16:23:29,23.80,2.98,17
2026-04-23 16:23:30,26.72,7.49,19
2026-04-23 16:23:31,22.69,9.77,23
2026-04-23 16:23:32,23.85,5.65,41
2026-04-23 16:23:33,25.66,9.39,5
2026-04-23 16:23:34,26.57,5.10,27
2026-04-23 16:23:35,27.41,7.57,9
2026-04-23 16:23:36,28.41,8.30,19
2026-04-23 16:23:37,21.78,6.13,34
2026-04-23 16:23:38,24.01,3.51,49
2026-04-23 16:23:39,24.90,6.50,8
2026-04-23 16:23:40,20.86,9.71,13
2026-04-23 16:23:41,26.64,9.67,13
2026-04-23 16:23:42,22.71,6.58,15
2026-04-23 16:23:43,25.74,3.20,4
2026-04-23 16:23:44,25.41,4.72,11
2026-04-23 16:23:45,20.99,7.16,30
2026-04-23 16:23:46,22.01,1.43,2
2026-04-23 16:23:47,22.31,4.98,39
2026-04-23 16:23:48,27.75,8.65,45
2026-04-23 16:23:49,28.29,4.00,10
2026-04-23 16:23:50,21.86,3.61,0
2026-04-23 16:23:51,22.57,3.44,27
2026-04-23 16:23:52,25.06,3.90,29
2026-04-23 16:23:53,29.23,5.55,30
2026-04-23 16:23:54,25.30,6.88,5
2026-04-23 16:23:55,28.94,5.10,13
2026-04-23 16:23:56,27.36,8.71,31
2026-04-23 16:23:57,22.67,3.81,17
2026-04-23 16:23:58,23.46,6.73,19
2026-04-23 16:23:59,28.52,6.34,45
2026-04-23 16:24:00,23.33,2.21,42
2026-04-23 16:24:01,23.73,8.40,44
2026-04-23 16:24:02,23.95,9.61,30
2026-04-23 16:24:03,24.21,7.62,39
2026-04-23 16:24:04,20.51,4.56,32
2026-04-23 16:24:05,27.68,3.70,17
2026-04-23 16:24:06,21.96,9.05,5
2026-04-23 16:24:07,27.81,2.58,36
2026-04-23 16:24:08,20.87,1.72,6
2026-04-23 16:24:09,28.75,8.16,15
2026-04-23 16:24:10,26.31,2.10,40
2026-04-23 16:24:11,25.62,1.91,46
2026-04-23 16:24:12,24.20,7.62,19
2026-04-23 16:24:13,20.28,6.80,4
2026-04-23 16:24:14,21.34,1.27,42
2026-04-23 16:24:15,27.24,4.33,28
2026-04-23 16:24:16,107.00,5.01,36
2026-04-23 16:24:17,27.86,9.30,32
2026-04-23 16:24:18,23.40,9.51,40
2026-04-23 16:24:19,29.01,7.68,25
2026-04-23 16:24:20,25.62,8.14,19
2026-04-23 16:24:21,21.85,7.26,6
2026-04-23 16:24:22,26.55,3.59,48
2026-04-23 16:24:23,29.61,4.58,40
2026-04-23 16:24:24,26.13,1.67,14
2026-04-23 16:24:25,21.94,1.30,34
2026-04-23 16:24:26,21.26,2.13,7
2026-04-23 16:24:27,27.32,9.27,49
2026-04-23 16:24:28,27.88,6.60,4
2026-04-23 16:24:29,21.67,5.10,6
2026-04-23 16:24:30,29.85,4.95,9
2026-04-23 16:24:31,26.54,9.21,14
2026-04-23 16:24:32,25.34,4.16,19
2026-04-23 16:24:33,25.92,9.12,1
2026-04-23 16:24:34,26.68,1.17,32
2026-04-23 16:24:35,29.27,6.69,26
2026-04-23 16:24:36,21.09,8.24,5
2026-04-23 16:24:37,29.22,5.00,28
2026-04-23 16:24:38,24.84,6.18,34
2026-04-23 16:24:39,28.10,7.61,41
2026-04-23 16:24:40,23.61,6.97,2
2026-04-23 16:24:41,23.76,9.96,9
2026-04-23 16:24:42,20.94,3.84,28
2026-04-23 16:24:43,27.58,8.82,16
2026-04-23 16:24:44,28.18,2.01,2
2026-04-23 16:24:45,22.37,2.63,19
2026-04-23 16:24:46,26.11,4.48,16
2026-04-23 16:24:47,29.28,1.36,38
2026-04-23 16:24:48,28.71,3.02,20
2026-04-23 16:24:49,23.63,6.82,36
2026-04-23 16:24:50,23.22,5.22,4
2026-04-23 16:24:51,24.86,9.10,7
2026-04-23 16:24:52,92.00,1.71,17
2026-04-23 16:24:53,100.00,7.93,29
2026-04-23 16:24:54,29.01,4.26,35
2026-04-23 16:24:55,23.95,7.27,42
2026-04-23 16:24:56,23.73,6.90,24
2026-04-23 16:24:57,28.27,3.72,19
2026-04-23 16:24:58,21.54,4.70,44
2026-04-23 16:24:59,27.21,2.25,39
2026-04-23 16:25:00,24.49,1.48,17
2026-04-23 16:25:01,21.64,1.46,23
2026-04-23 16:25:02,22.83,7.75,20
2026-04-23 16:25:03,28.02,8.04,18
2026-04-23 16:25:04,24.91,6.41,29
2026-04-23 16:25:05,28.13,2.54,3
2026-04-23 16:25:06,22.97,5.51,47
2026-04-23 16:25:08,21.20,7.28,48
2026-04-23 16:25:09,106.00,5.77,10
2026-04-23 16:25:10,27.33,8.92,2
2026-04-23 16:25:11,25.16,3.13,12
2026-04-23 16:25:12,28.75,1.78,38
2026-04-23 16:25:13,29.58,5.89,16
2026-04-23 16:25:14,22.93,4.37,2
2026-04-23 16:25:15,22.27,5.49,2
2026-04-23 16:25:16,27.66,8.74,29
2026-04-23 16:25:17,26.14,9.67,25
2026-04-23 16:25:18,26.32,7.20,6
2026-04-23 16:25:19,21.91,4.22,25
2026-04-23 16:25:20,27.33,1.31,42
2026-04-23 16:25:21,20.68,5.83,47
2026-04-23 16:25:22,28.68,1.99,37
2026-04-23 16:25:23,24.17,5.73,41
2026-04-23 16:25:24,22.95,3.18,48
2026-04-23 16:25:25,20.13,9.45,0
2026-04-23 16:25:26,21.46,9.70,40
2026-04-23 16:25:27,26.57,3.13,6
2026-04-23 16:25:28,22.51,4.95,40
2026-04-23 16:25:29,29.08,4.66,49
2026-04-23 16:25:30,92.00,5.87,30
2026-04-23 16:25:31,21.80,4.86,18
2026-04-23 16:25:32,24.09,7.92,38
2026-04-23 16:25:33,27.94,2.28,29
2026-04-23 16:25:34,29.26,2.51,20
2026-04-23 16:25:35,29.41,3.81,1
2026-04-23 16:25:36,26.33,5.94,33
2026-04-23 16:25:37,23.99,5.50,1
2026-04-23 16:25:38,23.09,8.34,41
2026-04-23 16:25:39,28.77,3.32,1
2026-04-23 16:25:40,28.04,7.24,40
2026-04-23 16:25:41,28.58,8.12,39
2026-04-23 16:25:42,22.65,3.60,46
2026-04-23 16:25:43,29.68,3.50,1
2026-04-23 16:25:44,22.83,6.79,2
2026-04-23 16:25:45,25.82,7.46,11
2026-04-23 16:25:46,22.47,6.93,17
2026-04-23 16:26:18,20.56,8.39,49
2026-04-23 16:26:19,20.31,3.79,34
2026-04-23 16:26:20,29.14,1.60,4
2026-04-23 16:26:21,24.18,4.10,27
2026-04-23 16:26:22,28.37,4.32,38
2026-04-23 16:26:23,26.33,5.40,48
2026-04-23 16:26:24,29.18,1.64,28
2026-04-23 16:26:25,28.44,4.40,42
2026-04-23 16:26:26,29.45,6.25,24
2026-04-23 16:26:27,29.44,7.93,33
2026-04-23 16:26:28,26.44,3.09,12
2026-04-23 16:26:29,22.93,3.83,44
2026-04-23 16:26:30,28.26,5.71,14
2026-04-23 16:26:31,23.00,4.37,23
2026-04-23 16:26:32,29.02,4.39,27
2026-04-23 16:26:33,28.48,5.03,44
2026-04-23 16:26:34,29.22,8.55,40
2026-04-23 16:26:35,27.88,1.02,42
2026-04-23 16:26:36,22.78,2.04,1
2026-04-23 16:26:37,23.41,9.04,6
2026-04-23 16:26:38,28.01,5.14,0
2026-04-23 16:26:39,26.40,6.87,32
2026-04-23 16:26:40,25.85,2.59,29
2026-04-23 16:26:41,25.66,2.21,46
2026-04-23 16:26:42,23.29,7.42,35
2026-04-23 16:26:43,20.11,8.31,42
2026-04-23 16:26:44,94.00,7.73,31
2026-04-23 16:26:45,20.64,1.67,19
2026-04-23 16:26:46,94.00,8.01,46
2026-04-23 16:26:47,26.87,4.43,5
2026-04-23 16:26:48,24.58,2.15,24
2026-04-23 16:26:49,27.69,1.08,1
2026-04-23 16:26:50,118.00,3.34,27
2026-04-23 16:26:51,28.77,3.67,16
2026-04-23 16:26:52,26.84,2.47,9
2026-04-23 16:26:53,28.37,8.01,12
2026-04-23 16:26:54,22.70,5.60,0
2026-04-23 16:26:55,29.81,5.60,47
2026-04-23 16:26:56,23.76,1.61,43
2026-04-23 16:26:57,22.38,9.21,13
2026-04-23 16:26:58,24.47,6.13,33
2026-04-23 16:26:59,24.52,2.94,21
2026-04-23 16:27:00,26.45,3.40,29
2026-04-23 16:27:01,28.05,9.47,18
2026-04-23 16:27:02,27.40,1.40,3
2026-04-23 16:27:03,24.66,6.14,12
2026-04-23 16:27:04,29.69,2.54,45
2026-04-23 16:27:05,23.45,3.44,29
2026-04-23 16:27:06,22.98,1.68,2
2026-04-23 16:27:07,28.61,7.05,20
2026-04-23 16:27:08,23.56,9.22,28
2026-04-23 16:27:09,21.27,3.00,12
2026-04-23 16:27:10,21.93,2.18,16
2026-04-23 16:27:11,27.13,5.63,31
2026-04-23 16:27:12,25.34,7.01,47
2026-04-23 16:27:13,24.11,3.07,11
2026-04-23 16:27:14,27.67,9.12,31
2026-04-23 16:27:15,28.61,9.53,23
2026-04-23 16:27:16,102.00,5.42,14
2026-04-23 16:27:17,28.12,4.36,44
2026-04-23 16:27:18,23.15,3.71,36
2026-04-23 16:27:19,21.68,8.93,22
2026-04-23 16:27:20,23.74,8.44,27
2026-04-23 16:27:21,25.48,6.68,28
2026-04-23 16:27:22,20.44,1.12,21
2026-04-23 16:27:23,20.47,5.40,24
2026-04-23 16:27:24,24.90,3.34,3
2026-04-23 16:27:25,22.95,4.00,33
2026-04-23 16:27:26,20.84,6.30,43
2026-04-23 16:27:27,23.71,3.17,14
2026-04-23 16:27:28,21.42,9.69,33
2026-04-23 16:27:29,27.77,3.90,31
2026-04-23 16:27:30,22.11,9.89,41
2026-04-23 16:27:31,20.42,4.16,35
2026-04-23 16:27:32,25.73,9.74,4
2026-04-23 16:27:33,26.25,4.35,41
2026-04-23 16:27:34,29.20,1.32,35
2026-04-23 16:27:35,21.79,9.72,40
2026-04-23 16:27:36,29.88,1.35,20
2026-04-23 16:27:37,25.52,9.46,31
2026-04-23 16:27:38,20.19,8.68,38
2026-04-23 16:27:39,25.98,6.45,2
2026-04-23 16:27:40,20.05,8.98,35
2026-04-23 16:27:41,21.16,4.70,42
2026-04-23 16:27:42,25.20,1.16,18
2026-04-23 16:27:43,22.58,2.36,26
2026-04-23 16:27:44,22.37,9.33,12
2026-04-23 16:27:45,27.70,4.70,4
2026-04-23 16:27:46,26.27,7.25,30
2026-04-23 16:27:47,21.31,4.91,21
2026-04-23 16:27:48,21.18,7.30,3
2026-04-23 16:27:49,25.63,8.17,40
2026-04-23 16:27:50,92.00,1.24,49
2026-04-23 16:27:51,22.95,6.43,12
2026-04-23 16:27:52,23.05,7.24,47
2026-04-23 16:27:53,25.29,2.58,43
2026-04-23 16:27:54,23.33,2.21,9
2026-04-23 16:27:55,23.50,3.29,16
2026-04-23 16:27:56,20.40,7.35,25
2026-04-23 16:27:57,25.54,2.43,36
2026-04-23 16:27:58,22.40,4.60,22
2026-04-23 16:28:22,28.86,8.66,43
2026-04-23 16:28:23,21.74,8.88,48
2026-04-23 16:28:24,27.32,9.87,22
2026-04-23 16:28:25,21.34,5.39,23
2026-04-23 16:28:26,22.65,9.45,7
2026-04-23 16:28:27,27.67,6.65,9
2026-04-23 16:28:28,24.28,9.97,41
2026-04-23 16:28:29,22.06,2.11,6
2026-04-23 16:28:30,25.89,3.82,22
2026-04-23 16:28:31,20.18,6.33,29
2026-04-23 16:28:32,29.24,6.61,49
2026-04-23 16:28:33,22.38,4.64,0
2026-04-23 16:28:34,24.63,9.55,42
2026-04-23 16:28:35,28.70,7.78,32
2026-04-23 16:28:36,27.95,1.99,40
2026-04-23 16:28:37,23.92,5.41,5
2026-04-23 16:28:38,20.85,1.90,13
2026-04-23 16:28:39,21.98,8.12,23
2026-04-23 16:28:40,27.25,3.19,46
2026-04-23 16:28:41,29.08,8.56,11
2026-04-23 16:28:42,25.42,8.04,39
2026-04-23 16:28:44,26.57,8.67,18
2026-04-23 16:28:45,28.15,4.16,8
2026-04-23 16:28:46,23.63,7.07,11
2026-04-23 16:28:47,23.37,8.72,9
2026-04-23 16:28:48,28.23,1.01,30
2026-04-23 16:28:49,20.06,3.55,3
2026-04-23 16:28:50,20.14,4.09,48
2026-04-23 16:28:51,98.00,7.77,47
2026-04-23 16:28:52,29.39,2.08,39
2026-04-23 16:28:53,24.76,4.23,7
2026-04-23 16:28:54,23.66,6.61,35
2026-04-23 16:28:55,24.30,3.28,19
2026-04-23 16:28:56,21.53,9.91,39
2026-04-23 16:28:57,24.59,7.86,42
2026-04-23 16:28:58,21.77,6.11,36
2026-04-23 16:28:59,25.37,4.26,4
2026-04-23 16:29:00,22.72,3.04,22
2026-04-23 16:29:01,28.24,5.75,43
2026-04-23 16:29:02,26.16,6.89,14
2026-04-23 16:29:03,22.42,9.33,46
2026-04-23 16:29:04,116.00,8.67,8
2026-04-23 16:29:05,20.69,6.20,33
2026-04-23 16:29:06,99.00,8.52,43
2026-04-23 16:29:07,21.86,6.13,47
2026-04-23 16:29:08,20.94,4.14,22
2026-04-23 16:29:09,21.01,7.44,12
2026-04-23 16:29:10,26.17,2.27,21
2026-04-23 16:29:11,28.48,5.13,9
2026-04-23 16:29:12,21.90,5.37,16
2026-04-23 16:29:13,28.98,9.07,27
2026-04-23 16:29:14,24.60,3.53,37
2026-04-23 16:29:15,26.56,8.05,30
2026-04-23 16:29:16,26.78,2.09,41
2026-04-23 16:29:17,20.37,2.79,24
2026-04-23 16:29:18,24.03,9.00,26
2026-04-23 16:29:19,23.76,4.24,15
2026-04-23 16:29:20,20.28,3.03,18
2026-04-23 16:29:21,28.41,6.05,41
2026-04-23 16:29:22,27.38,5.32,40
2026-04-23 16:29:23,27.28,3.18,10
2026-04-23 16:29:24,25.30,1.50,30
2026-04-23 16:29:25,21.06,4.49,41
2026-04-23 16:29:26,22.79,1.51,10
2026-04-23 16:29:27,24.78,1.00,24
2026-04-23 16:29:28,22.50,5.50,21
2026-04-23 16:29:29,27.89,3.72,24
2026-04-23 16:29:30,26.49,3.66,16
2026-04-23 16:29:31,26.86,4.05,39
2026-04-23 16:29:32,20.09,3.54,22
2026-04-23 16:29:33,22.69,7.14,20
2026-04-23 16:29:34,20.80,8.97,41
2026-04-23 16:29:35,21.28,9.61,12
2026-04-23 16:29:36,20.96,8.37,33
2026-04-23 16:29:37,23.58,9.76,5
2026-04-23 16:29:38,24.14,5.81,20
2026-04-23 16:29:39,24.66,9.65,21
2026-04-23 16:29:40,29.35,7.78,48
2026-04-23 16:29:41,25.88,2.07,16
2026-04-23 16:29:42,99.00,2.27,8
2026-04-23 16:29:43,27.93,8.65,34
2026-04-23 16:29:44,22.98,8.69,32
2026-04-23 16:29:45,20.54,7.56,26
2026-04-23 16:29:46,29.78,7.73,29
2026-04-23 16:29:47,27.77,5.93,19
2026-04-23 16:29:48,27.50,7.66,35
2026-04-23 16:29:49,27.62,8.78,5
2026-04-23 16:29:50,24.97,1.46,26
2026-04-23 16:29:51,20.20,3.09,34
2026-04-23 16:29:52,28.87,4.63,21
2026-04-23 16:29:53,20.15,6.52,8
2026-04-23 16:29:54,26.67,4.19,49
2026-04-23 16:29:55,21.22,1.03,30
2026-04-23 16:29:56,23.19,7.61,16
2026-04-23 16:29:57,24.45,9.95,33
2026-04-23 16:29:58,24.82,2.97,27
2026-04-23 16:29:59,26.87,9.75,45
2026-04-23 16:30:00,22.30,6.77,24
2026-04-23 16:30:01,21.71,7.81,34
2026-04-23 16:30:02,29.07,4.02,49
2026-04-23 16:30:03,26.30,6.19,2
2026-04-23 16:30:04,25.25,7.30,1
2026-04-23 16:30:05,29.40,5.75,4
2026-04-23 16:30:06,24.54,1.69,37
2026-04-23 16:30:07,23.79,7.91,46
2026-04-23 16:30:08,28.52,8.07,31
2026-04-23 16:30:09,25.32,8.33,18
2026-04-23 16:30:10,27.23,7.11,27
2026-04-23 16:30:11,23.61,6.28,9
2026-04-23 16:30:12,100.00,7.01,23
2026-04-23 16:30:13,22.16,6.86,1
2026-04-23 16:30:14,21.82,8.92,17
2026-04-23 16:30:15,25.27,1.30,12
2026-04-23 16:30:16,26.86,2.30,7
2026-04-23 16:30:17,115.00,4.04,29
2026-04-23 16:30:18,28.48,4.06,8
2026-04-23 16:30:19,27.84,6.39,30
2026-04-23 16:30:20,24.15,9.42,44
2026-04-23 16:30:21,21.48,1.06,11
2026-04-23 16:30:22,28.76,9.59,15
2026-04-23 16:30:23,29.56,2.73,12
2026-04-23 16:30:24,25.16,7.48,44
2026-04-23 16:30:25,29.52,5.69,32
2026-04-23 16:30:26,23.65,6.74,42
2026-04-23 16:30:27,22.92,6.46,15
2026-04-23 16:30:28,22.51,1.70,46
2026-04-23 16:30:29,26.82,3.34,46
2026-04-23 16:30:30,27.66,9.93,4
2026-04-23 16:30:31,28.39,4.17,21
2026-04-23 16:30:32,21.69,7.33,8
2026-04-23 16:30:33,26.08,1.01,27
2026-04-23 16:30:34,29.30,5.98,31
2026-04-23 16:30:35,24.51,1.85,13
2026-04-23 16:30:36,22.42,5.45,35
2026-04-23 16:30:37,24.51,9.08,15
2026-04-23 16:30:38,112.00,8.89,4
2026-04-23 16:30:39,20.74,2.81,34
2026-04-23 16:30:40,28.20,8.22,11
2026-04-23 16:30:41,29.96,2.41,7
2026-04-23 16:30:42,25.01,7.93,19
2026-04-23 16:30:43,21.27,2.46,30
2026-04-23 16:30:44,25.45,4.36,4
2026-04-23 16:30:45,29.62,7.87,36
2026-04-23 16:30:46,29.86,7.15,4
2026-04-23 16:30:47,20.25,8.95,28
2026-04-23 16:30:48,22.76,3.52,2
2026-04-23 16:30:49,20.61,2.73,35
2026-04-23 16:30:50,21.37,4.42,23
2026-04-23 16:30:51,28.74,2.35,0
2026-04-23 16:30:52,28.95,9.54,41
2026-04-23 16:30:53,25.77,8.96,17
2026-04-23 16:30:54,21.58,6.93,24
2026-04-23 16:30:55,23.65,8.91,25
2026-04-23 16:30:56,20.49,1.71,19
2026-04-23 16:30:57,22.66,5.03,16
2026-04-23 16:30:58,25.95,7.38,29
2026-04-23 16:30:59,27.88,2.81,36
2026-04-23 16:31:00,29.69,2.38,29
2026-04-23 16:31:01,28.51,1.47,22
2026-04-23 16:31:02,29.17,1.03,6
2026-04-23 16:31:03,25.66,6.16,46
2026-04-23 16:31:04,23.39,9.08,46
2026-04-23 16:31:05,27.37,7.74,15
2026-04-23 16:31:06,23.33,4.10,36
2026-04-23 16:31:08,25.22,5.31,22
2026-04-23 16:31:09,28.58,6.34,28
2026-04-23 16:31:10,29.52,5.68,38
2026-04-23 16:31:11,29.87,4.84,17
2026-04-23 16:31:12,23.31,5.69,16
2026-04-23 16:31:13,29.16,9.27,7
2026-04-23 16:31:14,21.03,7.37,42
2026-04-23 16:31:15,26.37,7.60,21
2026-04-23 16:31:16,23.93,9.79,31
2026-04-23 16:31:17,27.90,4.69,20
2026-04-23 16:31:18,26.88,7.63,6
2026-04-23 16:31:19,23.29,7.27,15
2026-04-23 16:31:20,29.00,9.19,42
2026-04-23 16:31:21,20.04,5.40,25
2026-04-23 16:31:22,29.10,2.80,0
2026-04-23 16:31:23,27.65,1.57,47
2026-04-23 16:31:24,22.50,9.85,13
2026-04-23 16:31:25,20.64,2.35,24
2026-04-23 16:31:26,27.17,8.14,6
2026-04-23 16:31:27,25.85,4.53,20
2026-04-23 16:31:28,27.38,5.20,1
2026-04-23 16:31:29,21.95,2.59,38
2026-04-23 16:31:30,27.62,3.21,37
2026-04-23 16:31:31,20.63,9.43,49
2026-04-23 16:31:32,22.39,4.26,3
2026-04-23 16:31:33,105.00,5.59,34
2026-04-23 16:31:34,23.32,2.73,5
2026-04-23 16:31:35,22.74,8.59,46
2026-04-23 16:31:36,21.55,7.36,9
2026-04-23 16:31:37,28.89,1.60,40
2026-04-23 16:31:38,25.47,9.04,31
2026-04-23 16:31:39,21.37,5.44,31
2026-04-23 16:31:40,29.36,1.62,23
2026-04-23 16:31:41,24.26,1.65,28
2026-04-23 16:31:42,28.76,9.23,49
2026-04-23 16:31:43,26.40,7.40,43
2026-04-23 16:31:44,26.95,9.27,34
2026-04-23 16:31:45,20.86,3.69,25
2026-04-23 16:31:46,22.18,7.95,21
2026-04-23 16:31:47,111.00,5.94,2
2026-04-23 16:31:48,28.26,5.69,46
2026-04-23 16:31:49,22.68,1.20,36
2026-04-23 16:31:50,24.88,1.75,28
2026-04-23 16:31:51,23.84,3.88,22
2026-04-23 16:31:52,25.81,4.67,22
2026-04-23 16:31:53,21.72,9.33,0
2026-04-23 16:31:54,21.98,1.27,20
2026-04-23 16:31:55,109.00,5.93,32
2026-04-23 16:31:56,26.29,6.29,8
2026-04-23 16:33:26,29.53,7.75,22
2026-04-23 16:33:27,24.38,6.22,35
2026-04-23 16:33:28,28.65,6.75,36
2026-04-23 16:33:29,27.62,7.44,34
2026-04-23 16:33:30,24.94,3.84,45
2026-04-23 16:33:31,26.93,4.05,42
2026-04-23 16:33:33,22.95,1.24,0
2026-04-23 16:33:34,23.28,9.48,18
2026-04-23 16:33:35,26.60,2.28,10
2026-04-23 16:33:36,25.04,3.24,7
2026-04-23 16:33:37,22.02,3.96,29
2026-04-23 16:33:38,27.29,6.21,17
2026-04-23 16:33:39,90.00,6.78,6
2026-04-23 16:33:40,27.53,3.75,33
2026-04-23 16:33:41,23.31,4.09,36
2026-04-23 16:33:42,27.38,4.25,12
2026-04-23 16:33:43,25.88,1.82,2
2026-04-23 16:33:44,28.59,1.54,5
2026-04-23 16:33:45,29.59,4.43,45
2026-04-23 16:33:46,21.89,2.28,36
2026-04-23 16:33:47,106.00,5.09,21
2026-04-23 16:33:48,92.00,3.54,41
2026-04-23 16:33:49,23.66,3.81,48
2026-04-23 16:33:50,25.70,5.66,44
2026-04-23 16:33:51,22.76,4.88,31
2026-04-23 16:33:52,21.78,8.76,34
2026-04-23 16:33:53,27.88,9.79,32
2026-04-23 16:33:54,20.51,4.17,38
2026-04-23 16:33:55,27.85,3.23,17
2026-04-23 16:33:56,25.43,5.19,11
2026-04-23 16:33:57,26.26,7.59,49
2026-04-23 16:33:58,28.78,8.36,37
2026-04-23 16:33:59,21.99,7.06,29
2026-04-23 16:34:00,25.45,9.91,27
2026-04-23 16:34:01,24.62,7.71,20
2026-04-23 16:34:02,26.77,5.84,46
2026-04-23 16:34:03,22.04,8.22,17
2026-04-23 16:34:04,28.12,5.79,35
2026-04-23 16:34:05,23.84,8.80,13
2026-04-23 16:34:06,21.50,9.74,15
2026-04-23 16:34:07,23.51,8.22,22
2026-04-23 16:34:08,26.73,9.07,8
2026-04-23 16:34:09,21.03,6.43,27
2026-04-23 16:34:10,21.84,4.55,38
2026-04-23 16:34:11,29.94,5.21,20
2026-04-23 16:34:12,21.66,2.31,34
2026-04-23 16:34:13,20.90,2.80,33
2026-04-23 16:34:14,22.16,8.58,40
2026-04-23 16:34:15,25.56,3.35,21
2026-04-23 16:34:16,27.67,8.54,14
2026-04-23 16:34:17,28.22,2.97,37
2026-04-23 16:34:18,20.37,6.11,25
2026-04-23 16:34:19,26.60,3.29,25
2026-04-23 16:34:20,29.26,1.81,29
2026-04-23 16:34:21,28.21,4.73,1
2026-04-23 16:34:22,23.85,6.55,35
2026-04-23 16:34:23,26.85,8.64,23
2026-04-23 16:34:24,24.13,2.37,19
2026-04-23 16:34:25,24.85,3.04,32
2026-04-23 16:34:26,26.26,6.99,13
2026-04-23 16:34:27,20.90,4.04,7
2026-04-23 16:34:28,28.19,3.23,29
2026-04-23 16:34:29,25.32,6.71,43
2026-04-23 16:34:30,29.55,4.27,0
2026-04-23 16:34:31,27.62,1.39,1
2026-04-23 16:34:32,28.93,2.09,49
2026-04-23 16:34:33,23.79,3.55,29
2026-04-23 16:34:34,97.00,4.34,25
2026-04-23 16:34:35,29.12,8.97,39
2026-04-23 16:34:36,28.85,7.48,11
2026-04-23 16:34:37,24.02,3.92,14
2026-04-23 16:34:38,27.75,9.34,31
2026-04-23 16:34:39,20.31,3.79,43
2026-04-23 16:34:40,27.75,3.52,25
2026-04-23 16:34:41,25.80,7.08,32
2026-04-23 16:34:42,25.42,1.96,47
2026-04-23 16:34:43,25.35,8.48,43
2026-04-23 16:34:44,27.64,1.88,14
2026-04-23 16:34:45,24.04,1.85,27
2026-04-23 16:34:46,29.05,9.39,46
2026-04-23 16:34:47,25.17,1.11,32
2026-04-23 16:34:48,21.81,6.33,49
2026-04-23 16:34:49,24.19,9.30,40
2026-04-23 16:34:50,21.61,7.61,9
2026-04-23 16:34:51,28.72,7.12,18
2026-04-23 16:34:52,20.46,5.42,13
2026-04-23 16:34:53,29.64,2.35,35
2026-04-23 16:34:54,26.27,4.27,2
2026-04-23 16:34:55,20.22,1.98,43
2026-04-23 16:34:56,110.00,4.79,8
2026-04-23 16:34:57,29.89,9.43,36
2026-04-23 16:34:58,26.21,9.37,7
2026-04-23 16:34:59,24.01,7.32,14
2026-04-23 16:35:00,29.14,1.98,34
2026-04-23 16:35:01,20.70,9.56,6
2026-04-23 16:35:02,25.71,6.05,5
2026-04-23 16:35:03,116.00,5.21,22
2026-04-23 16:35:04,26.30,9.50,40
2026-04-23 16:35:05,22.48,1.30,21
2026-04-23 16:35:06,23.60,5.45,16
2026-04-23 16:35:07,26.04,3.42,34
2026-04-23 16:35:08,28.47,4.87,4
2026-04-23 16:35:09,24.97,4.12,45
2026-04-23 16:35:10,29.25,6.13,41
2026-04-23 16:35:11,22.15,5.83,43
2026-04-23 16:35:12,21.34,7.14,25
2026-04-23 16:35:13,20.48,3.89,41
2026-04-23 16:35:14,20.63,2.60,36
2026-04-23 16:35:15,27.59,9.37,41
2026-04-23 16:35:16,26.40,4.21,35
2026-04-23 16:35:17,25.80,5.54,29
2026-04-23 16:35:18,28.48,8.85,2
2026-04-23 16:35:19,28.48,3.47,5
2026-04-23 16:35:20,25.66,3.80,38
2026-04-23 16:35:21,28.59,4.26,48
2026-04-23 16:35:22,21.37,6.61,38
2026-04-23 16:35:23,25.75,9.00,44
2026-04-23 16:35:24,29.07,3.18,14
2026-04-23 16:35:25,26.44,4.77,17
2026-04-23 16:35:26,20.37,7.79,21
2026-04-23 16:35:27,21.03,5.42,16
2026-04-23 16:35:28,26.49,9.81,19
2026-04-23 16:35:29,24.42,5.35,19
2026-04-23 16:35:30,28.51,8.46,19
2026-04-23 16:35:31,25.83,1.33,27
2026-04-23 16:35:32,21.67,6.81,12
2026-04-23 16:35:33,23.54,4.47,25
2026-04-23 16:35:34,23.68,6.82,34
2026-04-23 16:35:35,24.83,7.46,38
2026-04-23 16:35:36,29.84,6.47,42
2026-04-23 16:35:37,27.40,6.62,36
2026-04-23 16:35:38,22.76,4.99,15
2026-04-23 16:35:39,23.71,6.37,41
2026-04-23 16:35:40,21.46,6.48,5
2026-04-23 16:35:41,22.88,7.49,25
2026-04-23 16:35:42,22.31,2.29,25
2026-04-23 16:35:44,20.03,4.91,11
2026-04-23 16:35:45,93.00,8.08,33
2026-04-23 16:35:46,114.00,5.05,28
2026-04-23 16:35:47,20.45,6.34,21
2026-04-23 16:35:48,23.72,7.22,48
2026-04-23 16:35:49,24.74,8.20,28
2026-04-23 16:35:50,28.66,7.82,22
2026-04-23 16:35:51,23.59,9.80,46
2026-04-23 16:35:52,27.26,3.89,48
2026-04-23 16:35:53,21.09,4.90,23
2026-04-23 16:35:54,23.20,5.49,12
2026-04-23 16:35:55,21.92,7.69,24
2026-04-23 16:35:56,21.10,7.39,17
2026-04-23 16:35:57,97.00,5.92,42
2026-04-23 16:35:58,27.87,4.87,24
2026-04-23 16:35:59,24.79,6.94,30
2026-04-23 16:36:00,25.28,9.05,45
2026-04-23 16:36:01,21.76,6.69,23
2026-04-23 16:36:02,24.80,1.03,34
2026-04-23 16:36:03,21.59,8.51,19
2026-04-23 16:36:04,25.13,9.72,25
2026-04-23 16:36:05,26.95,8.64,18
2026-04-23 16:36:06,26.77,1.61,23
2026-04-23 16:36:07,23.26,9.31,49
2026-04-23 16:36:08,28.65,1.08,10
2026-04-23 16:36:09,112.00,1.07,0
2026-04-23 16:36:10,23.14,1.18,12
2026-04-23 16:36:11,22.22,4.40,37
2026-04-23 16:36:12,24.98,1.82,42
2026-04-23 16:36:13,26.02,7.40,9
2026-04-23 16:36:14,23.84,2.49,9
2026-04-23 16:36:15,27.89,1.02,9
2026-04-23 16:36:16,29.70,1.77,44
2026-04-23 16:36:17,26.09,5.52,26
2026-04-23 16:36:18,25.72,7.62,33
2026-04-23 16:36:19,29.09,2.08,24
2026-04-23 16:36:20,27.57,6.68,45
2026-04-23 16:36:21,23.90,2.64,20
2026-04-23 16:36:22,21.97,5.66,40
2026-04-23 16:36:23,24.98,2.20,30
2026-04-23 16:36:24,28.48,2.13,6
2026-04-23 16:36:25,29.24,5.11,38
2026-04-23 16:36:26,23.73,7.92,2
2026-04-23 16:36:27,25.36,3.59,18
2026-04-23 16:36:28,25.91,7.62,4
2026-04-23 16:36:29,22.77,2.90,6
2026-04-23 16:36:30,21.91,3.48,48
2026-04-23 16:36:31,22.80,1.80,40
2026-04-23 16:36:32,28.87,8.12,15
2026-04-23 16:36:33,24.14,1.26,48
2026-04-23 16:36:34,27.18,2.76,47
2026-04-23 16:36:35,25.45,2.79,12
2026-04-23 16:36:36,28.22,2.29,24
2026-04-23 16:36:37,28.48,8.59,22
2026-04-23 16:36:38,20.19,8.96,26
2026-04-23 16:36:39,112.00,1.01,37
2026-04-23 16:36:40,111.00,1.29,11
2026-04-23 16:36:41,23.76,1.82,7
2026-04-23 16:36:42,26.96,6.69,43
2026-04-23 16:36:43,22.14,9.69,2
2026-04-23 16:36:44,21.57,7.14,21
2026-04-23 16:36:45,27.49,9.12,34
2026-04-23 16:36:46,22.46,7.71,17
2026-04-23 16:36:47,21.11,6.55,9
2026-04-23 16:36:48,21.65,4.19,42
2026-04-23 16:36:49,26.58,4.66,20
2026-04-23 16:36:50,27.27,7.45,22
2026-04-23 16:36:51,22.07,3.49,23
2026-04-23 16:36:52,23.40,8.02,23
2026-04-23 16:36:53,21.73,8.50,33
2026-04-23 16:36:54,29.09,2.64,49
2026-04-23 16:36:55,27.20,3.33,14
2026-04-23 16:36:56,20.62,7.99,20
2026-04-23 16:36:57,28.16,7.02,3
2026-04-23 16:36:58,28.77,2.35,17
2026-04-23 16:36:59,21.96,5.74,17
2026-04-23 16:37:00,20.69,6.99,14
2026-04-23 16:37:01,26.24,6.84,8
2026-04-23 16:37:02,20.13,3.16,28
2026-04-23 16:37:03,22.85,5.67,14
2026-04-23 16:37:04,26.34,7.79,24
2026-04-23 16:37:05,26.19,6.43,12
2026-04-23 16:37:06,20.13,2.71,36
2026-04-23 16:37:07,25.04,2.06,7
2026-04-23 16:37:08,22.61,5.18,42
2026-04-23 16:37:09,24.87,4.80,13
2026-04-23 16:37:10,29.26,7.96,12
2026-04-23 16:37:11,29.80,9.19,34
2026-04-23 16:37:12,26.84,7.69,28
2026-04-23 16:37:13,25.80,6.17,26
2026-04-23 16:37:14,27.14,4.54,8
2026-04-23 16:37:15,24.00,2.34,21
2026-04-23 16:37:16,29.07,1.58,42
2026-04-23 16:37:17,29.75,7.45,28
2026-04-23 16:37:18,21.56,8.39,4
2026-04-23 16:37:19,29.20,6.35,44
2026-04-23 16:37:20,21.81,9.67,35
2026-04-23 16:37:21,22.21,5.92,22
2026-04-23 16:37:22,27.07,7.10,31
2026-04-23 16:37:23,23.59,9.31,41
2026-04-23 16:45:40,28.91,3.44,12
2026-04-23 16:45:41,29.83,4.55,29
2026-04-23 16:45:42,91.00,2.75,3
2026-04-23 16:45:43,23.20,5.73,26
2026-04-23 16:45:44,29.76,9.36,25
2026-04-23 16:45:45,29.96,8.13,30
2026-04-23 16:45:46,21.04,6.61,32
2026-04-23 16:45:47,21.19,1.63,30
2026-04-23 16:45:48,21.01,9.77,9
2026-04-23 16:45:49,27.32,5.87,25
2026-04-23 16:45:50,27.91,8.84,8
2026-04-23 16:45:51,28.92,6.51,3
2026-04-23 16:45:52,21.67,5.06,32
2026-04-23 16:45:53,20.76,8.45,26
2026-04-23 16:45:54,27.84,4.58,40
2026-04-23 16:45:55,22.24,8.54,39
2026-04-23 16:45:56,25.19,9.80,11
2026-04-23 16:45:57,27.15,4.98,36
2026-04-23 16:45:58,111.00,8.18,5
2026-04-23 16:45:59,29.21,6.34,2
2026-04-23 16:46:00,105.00,3.43,40
2026-04-23 16:46:02,25.12,3.82,43
2026-04-23 16:46:03,29.46,6.81,47
2026-04-23 16:46:04,26.37,5.61,36
2026-04-23 16:46:05,26.17,3.25,5
2026-04-23 16:46:06,25.13,7.46,45
2026-04-23 16:46:07,28.34,9.05,17
2026-04-23 16:46:08,25.41,6.96,11
2026-04-23 16:46:09,26.25,5.49,40
2026-04-23 16:46:10,22.47,2.18,46
2026-04-23 16:46:11,26.60,9.83,46
2026-04-23 16:46:12,20.19,2.03,37
2026-04-23 16:46:13,25.04,7.76,38
2026-04-23 16:46:14,29.57,8.90,23
2026-04-23 16:46:15,27.52,7.76,24
2026-04-23 16:46:16,22.61,3.18,29
2026-04-23 16:46:17,24.38,3.94,0
2026-04-23 16:46:18,20.46,9.79,40
2026-04-23 16:46:19,26.40,6.76,33
2026-04-23 16:46:20,22.02,2.67,15
2026-04-23 16:46:21,20.66,7.06,16
2026-04-23 16:46:22,28.75,3.35,32
2026-04-23 16:46:23,28.32,5.29,16
2026-04-23 16:46:24,26.30,2.71,32
2026-04-23 16:46:25,21.08,6.46,8
2026-04-23 16:46:26,22.27,4.06,25
2026-04-23 16:46:27,27.43,1.56,11
2026-04-23 16:46:28,27.25,1.54,40
2026-04-23 16:46:29,22.09,4.86,30
2026-04-23 16:46:30,26.36,1.50,49
2026-04-23 16:46:31,29.89,1.50,39
2026-04-23 16:46:32,26.65,2.34,8
2026-04-23 16:46:33,28.62,4.22,13
2026-04-23 16:46:34,21.52,2.74,42
2026-04-23 16:46:35,27.62,7.52,31
2026-04-23 16:46:36,24.04,8.51,24
2026-04-23 16:46:37,27.92,2.82,5
2026-04-23 16:46:38,21.84,6.98,20
2026-04-23 16:46:39,25.13,3.47,45
2026-04-23 16:46:40,29.26,5.51,30
2026-04-23 16:46:41,22.99,5.26,19
2026-04-23 16:46:42,23.90,3.22,23
2026-04-23 16:46:43,20.33,7.84,30
2026-04-23 16:46:44,24.93,2.69,39
2026-04-23 16:46:45,113.00,3.59,6
2026-04-23 16:46:46,22.45,5.11,0
2026-04-23 16:46:47,23.88,1.82,40
2026-04-23 16:56:15,26.59,6.54,48
2026-04-23 16:56:16,21.04,8.96,27
2026-04-23 16:56:17,21.98,2.24,14
2026-04-23 16:56:18,26.19,3.06,15
2026-04-23 16:56:19,23.85,9.16,34
2026-04-23 16:56:20,23.08,9.38,43
2026-04-23 16:56:21,21.55,9.79,5
2026-04-23 16:56:22,29.70,4.73,47
2026-04-23 16:56:23,20.56,8.27,3
2026-04-23 16:56:24,27.20,7.56,10
2026-04-23 16:56:25,21.25,1.36,27
2026-04-23 16:56:26,20.71,5.03,31
2026-04-23 16:56:27,20.31,1.79,25
2026-04-23 16:56:28,27.48,4.21,32
2026-04-23 16:56:29,21.26,1.84,30
2026-04-23 16:56:30,100.00,3.87,42
2026-04-23 16:56:31,25.85,9.09,42
2026-04-23 16:56:32,26.17,4.77,18
2026-04-23 16:56:33,29.49,1.78,23
2026-04-23 16:56:34,27.08,2.91,4
2026-04-23 16:56:35,25.50,4.66,41
2026-04-23 16:56:36,24.35,8.19,12
2026-04-23 16:56:37,22.39,6.69,5
2026-04-23 16:56:38,23.19,9.88,14
2026-04-23 16:56:39,23.65,9.44,23
2026-04-23 16:56:40,28.96,4.05,40
2026-04-23 16:56:41,92.00,1.76,30
2026-04-23 16:56:42,22.47,7.73,1
2026-04-23 16:56:43,29.76,1.47,49
2026-04-23 16:56:44,22.99,2.80,37
2026-04-23 16:56:45,24.28,4.99,5
2026-04-23 16:56:46,27.60,7.60,34
2026-04-23 16:56:47,29.14,6.31,42
2026-04-23 16:56:48,24.50,1.09,15
2026-04-23 16:56:49,22.65,1.35,25
2026-04-23 16:56:50,23.13,1.50,12
2026-04-23 16:56:51,23.56,1.27,25
2026-04-23 16:56:52,24.19,2.43,17
2026-04-23 16:56:53,24.05,1.85,1
2026-04-23 16:56:54,20.28,7.76,38
2026-04-23 16:56:55,22.40,4.01,14
2026-04-23 16:56:56,29.44,9.13,44
2026-04-23 16:56:57,27.77,2.67,10
2026-04-23 16:56:58,29.83,9.73,40
2026-04-23 16:56:59,27.72,7.95,9
2026-04-23 16:57:00,22.91,7.15,32
2026-04-23 16:57:01,21.67,5.26,29
2026-04-23 16:57:02,29.91,3.67,28
2026-04-23 16:57:03,23.73,7.01,42
2026-04-23 16:57:04,99.00,6.48,46
2026-04-23 16:57:05,21.61,8.83,46
2026-04-23 16:57:06,21.79,2.05,43
2026-04-23 16:57:07,29.80,4.24,30
2026-04-23 16:57:08,27.91,1.82,35
2026-04-23 16:57:09,29.28,3.55,16
2026-04-23 16:57:10,26.47,7.39,31
2026-04-23 16:57:11,20.98,5.28,43
2026-04-23 16:57:12,29.83,3.53,38
2026-04-23 16:57:13,26.51,7.56,3
2026-04-23 16:57:14,98.00,8.80,45
2026-04-23 16:57:15,26.84,6.82,20
2026-04-23 16:57:16,24.61,9.98,39
2026-04-23 16:57:17,25.49,5.67,38
2026-04-23 16:57:18,24.07,1.15,47
2026-04-23 16:57:19,29.24,7.37,48
2026-04-23 16:57:20,21.21,4.74,41
2026-04-23 16:57:21,23.81,8.35,17
2026-04-23 16:57:22,106.00,3.07,3
2026-04-23 16:57:23,27.18,7.05,2
2026-04-23 16:57:24,22.73,9.96,9
2026-04-23 16:57:25,29.30,3.40,34
2026-04-23 16:57:26,20.47,3.65,15
2026-04-23 16:57:27,23.83,1.94,6
2026-04-23 16:57:28,27.85,9.87,7
2026-04-23 16:57:29,29.46,4.49,0
2026-04-23 16:57:30,24.63,5.89,14
2026-04-23 16:57:31,21.08,1.27,2
2026-04-23 16:57:32,23.05,9.58,33
2026-04-23 16:57:33,29.44,9.52,26
2026-04-23 16:57:35,90.00,2.79,22
